0;Robert Carlson;MALE;20;Jamaican;Platinum;false
1;Alexandria Miller;FEMALE;49;Polish;Platinum;false
2;Jordan Shelton;MALE;45;New Zealander;Standard;false
3;Steven Murphy;MALE;39;Venezuelan;Bronze;false
4;David Shepherd;MALE;43;Tunisian;Gold;true
5;Adam Johnson;MALE;90;Portuguese;Bronze;true
6;David Phillips;MALE;98;Latvian;Platinum;true
7;Michael Martinez;MALE;64;Bulgarian;Silver;false
8;Kimberly Floyd;FEMALE;47;Canadian;Standard;true
9;Kevin Klein;MALE;97;Iraqi;Bronze;true
10;Kenneth Lutz;MALE;97;Zimbabwean;Standard;true
11;John Thomas;MALE;16;Iraqi;Standard;true
12;Vincent Graves;MALE;111;Ethiopian;Bronze;true
13;Jennifer Schneider;FEMALE;110;Italian;Silver;false
14;Mary Bell;FEMALE;15;Moroccan;Gold;false
15;Christopher Hall;MALE;120;Ukrainian;Gold;false
16;Sierra Henderson;FEMALE;39;Malawian;Standard;false
17;Molly Jones;FEMALE;79;Paraguayan;Gold;false
18;Natalie White;FEMALE;110;Qatari;Standard;false
19;John James;MALE;107;Chinese;Silver;true
20;Emily Thomas;FEMALE;19;Ivorian;Standard;false
21;Samuel Coleman;MALE;20;Welsh;Silver;false
22;Shannon Cruz;FEMALE;73;South African;Bronze;true
23;Kyle Chase;MALE;112;Senegalese;Platinum;false
24;Ryan Moore;MALE;72;American;Gold;true
25;Toni Franklin;FEMALE;61;Croatian;Silver;true
26;John Williams;MALE;92;Mexican;Silver;true
27;Gerald Meyer;MALE;101;Swiss;Bronze;false
28;Deborah Barnes;FEMALE;50;Ethiopian;Gold;true
29;Christina Chapman;FEMALE;66;Iraqi;Standard;true
30;Larry Jacobs;MALE;115;Polish;Silver;true
31;Diana Mcgee;FEMALE;73;Chinese;Platinum;false
32;John Flores;MALE;28;Congolese;Platinum;true
33;Timothy Velazquez;MALE;47;German;Silver;true
34;Jasmin Gibson;FEMALE;19;Indonesian;Bronze;true
35;Brenda Blackwell;FEMALE;74;Kenyan;Platinum;true
36;Alexander Benjamin;MALE;71;South African;Standard;false
37;Gregory Golden;MALE;49;Latvian;Platinum;false
38;Stefanie Martinez;FEMALE;23;Pakistani;Standard;true
39;Michael Sanchez;MALE;19;Ivorian;Bronze;false
40;Ann Massey;FEMALE;69;Ethiopian;Silver;true
41;Amber Meadows;FEMALE;48;Zimbabwean;Gold;true
42;Andrew Murray;MALE;72;Vietnamese;Bronze;true
43;James Osborne;MALE;40;Nepalese;Bronze;true
44;Joseph Moreno;MALE;117;Peruvian;Platinum;false
45;Amanda Davis;FEMALE;98;Ukrainian;Platinum;true
46;Jocelyn Wilkerson;FEMALE;51;Palestinian;Gold;false
47;Paula Carroll;FEMALE;103;Kuwaiti;Bronze;true
48;Kevin Smith;MALE;19;Scottish;Bronze;false
49;Kayla Nelson;FEMALE;38;American;Silver;false
50;Madison Knight;FEMALE;24;Trinidadian;Platinum;false
51;Pamela Wallace;FEMALE;46;Serbian;Bronze;true
52;Ryan Lamb;MALE;26;Slovak;Gold;true
53;Brittany Baker;FEMALE;44;Ivorian;Standard;false
54;Tonya Harris;FEMALE;28;Indonesian;Bronze;false
55;Charles Lewis;MALE;32;Paraguayan;Silver;false
56;David Atkins;MALE;56;Panamanian;Gold;false
57;Jesse Crane;MALE;75;Somali;Bronze;true
58;Regina Smith;FEMALE;25;Vietnamese;Silver;true
59;Sharon Herring;FEMALE;37;Italian;Standard;true
60;Sarah Potter;FEMALE;52;New Zealander;Standard;true
61;Alexandria Baker;FEMALE;79;Ecuadorian;Standard;false
62;Miguel Hall;MALE;73;Malaysian;Platinum;true
63;David Hill;MALE;102;Uruguayan;Silver;true
64;Peter Cook;MALE;120;British;Standard;false
65;Micheal Lee;MALE;113;Omani;Platinum;true
66;William Mcconnell;MALE;55;Norwegian;Platinum;false
67;Rhonda Bell;FEMALE;74;Bhutanese;Platinum;false
68;Lisa Williams;FEMALE;51;Pakistani;Silver;false
69;Dana Kelly;FEMALE;113;Iraqi;Bronze;true
70;Shelly Williamson;FEMALE;104;Singaporean;Gold;false
71;Jacob Smith;MALE;69;Omani;Platinum;true
72;Scott Lane;MALE;80;Moroccan;Silver;false
73;Sarah Torres;FEMALE;117;Congolese;Gold;false
74;John Hull;MALE;89;Latvian;Bronze;false
75;Christopher Barker;MALE;15;Lithuanian;Platinum;true
76;Denise Russell;FEMALE;71;Dutch;Bronze;false
77;Matthew Hinton;MALE;77;Jamaican;Silver;true
78;Michael Wilson;MALE;108;Romanian;Standard;true
79;Debra Shaffer;FEMALE;74;Trinidadian;Bronze;true
80;Tiffany Frederick;FEMALE;93;Filipino;Gold;true
81;Rodney Clark;MALE;32;Botswanan;Silver;true
82;Jennifer Bass;FEMALE;49;Polish;Silver;false
83;Christopher Hall;MALE;39;Turkish;Silver;false
84;Mark Moore;MALE;51;Welsh;Bronze;true
85;Leah Willis;FEMALE;20;South African;Silver;true
86;Jessica Santana;FEMALE;10;Liberian;Standard;true
87;Lindsey Gonzales;FEMALE;53;New Zealander;Gold;true
88;Frederick Gilbert;MALE;17;Bolivian;Silver;true
89;Brian Price;MALE;47;South African;Bronze;true
90;Kelly Miller;FEMALE;102;Qatari;Silver;false
91;Lisa Romero;FEMALE;51;Latvian;Bronze;true
92;Emily Simpson;FEMALE;17;Slovenian;Gold;true
93;Julie Robinson;FEMALE;93;Czech;Bronze;true
94;Mary Peters;FEMALE;43;Syrian;Platinum;true
95;Ashley Johnson;FEMALE;33;Emirati;Platinum;false
96;Scott Johnson;MALE;88;Welsh;Gold;true
97;Nicole Wilson;FEMALE;35;Bolivian;Gold;false
98;John Nash;MALE;72;Algerian;Bronze;false
99;Joseph Chambers;MALE;21;Malagasy;Bronze;true
100;Crystal Campbell;FEMALE;10;Nigerian;Silver;true
101;Heather Montoya;FEMALE;29;Botswanan;Standard;true
102;Brittany Smith;FEMALE;76;Omani;Silver;true
103;Mitchell Ball;MALE;56;Qatari;Bronze;true
104;Peter Robinson;MALE;116;Fijian;Bronze;true
105;Randy Smith;MALE;28;Omani;Gold;false
106;Cindy Flores;FEMALE;42;Ukrainian;Standard;true
107;Melissa Garcia;FEMALE;93;Scottish;Silver;true
108;Jesse Wyatt;MALE;42;Welsh;Gold;false
109;April Jackson;FEMALE;112;Omani;Gold;true
110;Jacqueline Mcclain;FEMALE;88;Kenyan;Bronze;true
111;Amber Logan;FEMALE;111;Moroccan;Bronze;true
112;Christy Sanchez;FEMALE;57;Moroccan;Silver;false
113;Robert Randall;MALE;65;Mauritian;Silver;false
114;Susan Hughes;FEMALE;43;Dutch;Bronze;true
115;Lori Huff;FEMALE;11;New Zealander;Bronze;true
116;Cody Phelps;MALE;85;Chilean;Standard;true
117;Jennifer Mccullough;FEMALE;80;Polish;Bronze;true
118;Kenneth Stevens;MALE;52;Bulgarian;Gold;true
119;Andrew David;MALE;100;Malagasy;Platinum;false
120;Monica Coleman;FEMALE;39;Japanese;Standard;false
121;Ashley Williams;FEMALE;24;Canadian;Silver;false
122;Robert Miller;MALE;87;Senegalese;Standard;false
123;Jessica Johnson;FEMALE;77;Emirati;Platinum;false
124;David King;MALE;19;Romanian;Standard;true
125;Cody Sawyer;MALE;73;Jamaican;Gold;false
126;Felicia Cervantes;FEMALE;114;Sri Lankan;Gold;false
127;Nicole Harrison;FEMALE;44;Norwegian;Standard;true
128;Meghan French;FEMALE;16;Chinese;Bronze;true
129;Anthony Kirk;MALE;87;Belgian;Silver;false
130;Raymond Boyd;MALE;100;Mauritian;Silver;false
131;Terry Huerta;MALE;43;Austrian;Bronze;false
132;Alexis Lindsey;FEMALE;36;Welsh;Platinum;false
133;Emma Butler;FEMALE;66;Congolese;Bronze;true
134;Julie Mitchell;FEMALE;84;Trinidadian;Gold;true
135;Henry Bird;MALE;102;Swedish;Platinum;false
136;Linda Salazar;FEMALE;74;Sri Lankan;Bronze;true
137;Lisa Sawyer;FEMALE;32;Cameroonian;Gold;true
138;Robin Hubbard;FEMALE;22;South African;Gold;true
139;Hunter Richard;MALE;104;Fijian;Bronze;false
140;Cynthia Pittman;FEMALE;91;Qatari;Gold;false
141;Michelle Smith;FEMALE;115;Angolan;Gold;false
142;Kimberly Cook;FEMALE;41;Jamaican;Gold;true
143;David Lee;MALE;21;Singaporean;Platinum;true
144;Savannah Pham;FEMALE;17;Jamaican;Gold;true
145;Tony Wilson;MALE;101;Indian;Bronze;false
146;Craig Porter;MALE;115;German;Standard;true
147;Jeffrey Daniels;MALE;77;Costa Rican;Gold;false
148;Suzanne Hansen;FEMALE;55;American;Bronze;true
149;Erica Brown;FEMALE;36;Chinese;Platinum;true
150;Ricardo Lee;MALE;58;Bulgarian;Bronze;true
151;Gabrielle Bray;FEMALE;64;Somali;Silver;false
152;John Wood;MALE;35;Finnish;Bronze;true
153;Jonathan Lopez;MALE;69;Canadian;Standard;true
154;Jacqueline Rodriguez;FEMALE;49;Danish;Platinum;false
155;Jason Martinez;MALE;24;Mozambican;Silver;true
156;Brad Leonard;MALE;20;Bulgarian;Bronze;false
157;Breanna Reed;FEMALE;21;Angolan;Platinum;false
158;Gabriel Sparks;MALE;120;Costa Rican;Platinum;true
159;Virginia Blanchard;FEMALE;90;Korean;Bronze;true
160;Richard Garcia;MALE;117;Singaporean;Silver;false
161;Erin Berry;FEMALE;70;Tanzanian;Platinum;false
162;Robert Kim;MALE;68;New Zealander;Bronze;false
163;Shannon King;FEMALE;84;Belgian;Bronze;false
164;Christopher Clements;MALE;19;Jordanian;Standard;false
165;Christopher Daniel;MALE;13;Uruguayan;Bronze;false
166;Alexander Martinez;MALE;25;Kenyan;Platinum;false
167;Linda Harris;FEMALE;116;Somali;Silver;false
168;Kimberly Woodard;FEMALE;120;Zimbabwean;Gold;false
169;Donna Bridges;FEMALE;92;Somali;Gold;false
170;Charles French;MALE;29;Ukrainian;Silver;true
171;Jeffrey Robbins;MALE;77;Italian;Standard;false
172;Kelsey Richardson;FEMALE;59;Bangladeshi;Silver;false
173;Joseph Long;MALE;54;French;Silver;true
174;Keith Torres;MALE;74;Uruguayan;Gold;false
175;Kristen Bryan;FEMALE;78;Dutch;Gold;true
176;Maria Garcia;FEMALE;20;Singaporean;Standard;false
177;Angela Anderson;FEMALE;100;Liberian;Standard;false
178;Stephen Kelly;MALE;113;Algerian;Silver;false
179;Danny Cowan;MALE;110;Kenyan;Platinum;true
180;Steven Mullins;MALE;66;Dutch;Standard;false
181;Ronald Lang;MALE;34;Malaysian;Silver;true
182;Sandra Vaughn;FEMALE;64;Finnish;Standard;false
183;Richard Washington;MALE;108;Danish;Gold;true
184;Adam Guzman;MALE;84;Jamaican;Silver;false
185;Rebecca Gordon;FEMALE;60;Argentinian;Gold;false
186;David Brown;MALE;48;Ugandan;Standard;false
187;Joseph Carter;MALE;57;Senegalese;Gold;false
188;Allen Taylor;MALE;67;Kenyan;Gold;true
189;Savannah Frazier;FEMALE;52;Chinese;Standard;false
190;Sherry Sawyer;FEMALE;103;Congolese;Gold;false
191;Scott Jones;MALE;52;Bolivian;Gold;false
192;Joseph Carter;MALE;76;Paraguayan;Gold;true
193;Robert Rollins;MALE;26;Trinidadian;Bronze;false
194;Christopher Moore;MALE;116;Latvian;Silver;false
195;Gary Soto;MALE;116;Croatian;Gold;true
196;Denise Moreno;FEMALE;20;Italian;Standard;false
197;Veronica Cook;FEMALE;30;Ugandan;Standard;true
198;Sarah Jackson;FEMALE;116;Indian;Bronze;false
199;Michael Tran;MALE;96;Jamaican;Silver;false
200;Mark Morrow;MALE;108;Bolivian;Standard;false
201;Elizabeth Anderson;FEMALE;105;Kuwaiti;Silver;true
202;Tiffany Simpson;FEMALE;20;Malaysian;Silver;false
203;Randy Stevens;MALE;29;Omani;Gold;false
204;Justin Park;MALE;91;Serbian;Silver;true
205;Colleen Martin;FEMALE;81;Mauritian;Platinum;false
206;Michael Bell;MALE;19;Japanese;Standard;true
207;Katrina Thompson;FEMALE;57;Danish;Standard;true
208;Melanie Murphy;FEMALE;66;German;Silver;true
209;Jeffrey Goodman;MALE;92;Emirati;Silver;true
210;Bryan Kelley;MALE;32;Indian;Bronze;true
211;Lisa Raymond;FEMALE;63;Portuguese;Silver;false
212;Daniel Farrell;MALE;103;Congolese;Standard;true
213;Robert Rollins;MALE;101;Mauritian;Gold;false
214;Charles Durham;MALE;99;American;Silver;false
215;Julie Garcia;FEMALE;16;Nepalese;Gold;false
216;Henry Foster;MALE;34;Botswanan;Silver;false
217;Ricky Grimes;MALE;97;Saudi Arabian;Gold;false
218;Joseph French;MALE;27;Croatian;Gold;false
219;Christopher Jones;MALE;43;Moroccan;Gold;false
220;Devin Barnes;MALE;43;Malaysian;Gold;true
221;Brian Austin;MALE;35;Ugandan;Gold;true
222;Katherine Gallagher;FEMALE;54;Serbian;Bronze;true
223;Scott Johnson;MALE;116;Ugandan;Bronze;false
224;Scott Russell;MALE;28;Filipino;Standard;false
225;Charles Myers;MALE;52;Swedish;Platinum;true
226;Kenneth Donovan;MALE;114;German;Platinum;false
227;Jessica Moreno;FEMALE;105;Lebanese;Platinum;false
228;Benjamin Roberts;MALE;50;Saudi Arabian;Silver;false
229;Kevin Wallace;MALE;94;Iranian;Bronze;false
230;Jose Reed;MALE;46;Sudanese;Silver;false
231;Hannah Welch;FEMALE;76;American;Silver;false
232;Nicholas Page;MALE;43;Barbadian;Bronze;true
233;Karen Lindsey;FEMALE;25;Serbian;Gold;true
234;Ryan White;MALE;116;Sri Lankan;Platinum;true
235;Laura Freeman;FEMALE;87;Bolivian;Platinum;false
236;James Collins;MALE;13;Indonesian;Standard;false
237;Taylor Levy;FEMALE;99;Vietnamese;Platinum;true
238;Heather Conner;FEMALE;107;Bahamian;Silver;false
239;Madison Woods;FEMALE;97;Malagasy;Bronze;true
240;Alexander Adams;MALE;60;Iranian;Gold;false
241;Kayla Dixon;FEMALE;27;Jordanian;Platinum;false
242;Madison Bryant;FEMALE;119;South African;Gold;true
243;Calvin Pacheco;MALE;71;German;Platinum;false
244;Amanda Ortega;FEMALE;80;Singaporean;Gold;false
245;Keith Shelton;MALE;74;Russian;Gold;true
246;Erin Thompson;FEMALE;48;Angolan;Gold;false
247;Patricia Miller;FEMALE;32;Kenyan;Silver;true
248;John Hill;MALE;61;Namibian;Standard;false
249;Elizabeth Gallagher;FEMALE;52;Fijian;Platinum;true
250;Melissa Powell;FEMALE;47;Nepalese;Gold;true
251;Joshua Jones;MALE;92;Costa Rican;Gold;true
252;Mark Lewis;MALE;72;Botswanan;Standard;true
253;Philip Jones;MALE;61;Romanian;Platinum;true
254;Margaret Zamora;FEMALE;102;Slovak;Gold;true
255;Elizabeth Compton;FEMALE;73;Tanzanian;Gold;true
256;David Austin;MALE;31;Chinese;Platinum;false
257;Nathaniel Mendoza;MALE;15;Emirati;Bronze;true
258;Wendy Evans;FEMALE;117;Ugandan;Platinum;true
259;Sarah Gallegos;FEMALE;55;Barbadian;Standard;false
260;Cody Luna;MALE;79;Danish;Standard;true
261;Debbie Ellis;FEMALE;34;Estonian;Bronze;true
262;Alexander Watson;MALE;115;Egyptian;Standard;false
263;Jim Griffin;MALE;35;Lithuanian;Gold;true
264;Anthony Wong;MALE;117;Spanish;Standard;false
265;Neil Morris;MALE;50;Slovenian;Platinum;false
266;Jessica Ford;FEMALE;52;Bhutanese;Gold;false
267;Christopher Hansen;MALE;33;Bhutanese;Standard;true
268;Shelby Jackson;FEMALE;20;German;Bronze;true
269;Linda Garcia;FEMALE;13;Romanian;Silver;true
270;Kenneth Hernandez;MALE;116;Barbadian;Silver;false
271;Alexander Knight;MALE;104;Japanese;Platinum;true
272;Brenda Stewart;FEMALE;91;Peruvian;Gold;false
273;Ryan Hopkins;MALE;50;Ethiopian;Bronze;true
274;Christopher Townsend;MALE;52;Zambian;Gold;true
275;Eric Rodriguez;MALE;119;Mexican;Standard;false
276;Julie Lee;FEMALE;66;Iraqi;Standard;true
277;Lee Roth;MALE;61;Czech;Gold;false
278;Madison Weber;FEMALE;85;Korean;Silver;true
279;Sean Banks;MALE;40;Danish;Silver;false
280;John James;MALE;63;Iraqi;Bronze;false
281;Logan Garza;MALE;12;Liberian;Platinum;false
282;Randy Mueller;MALE;80;Saudi Arabian;Gold;false
283;Mary Brown;FEMALE;25;Serbian;Gold;false
284;Denise Parker;FEMALE;52;Jordanian;Bronze;true
285;Allison Johnson;FEMALE;72;Bahamian;Bronze;true
286;Julie King;FEMALE;59;Malaysian;Standard;true
287;Nicholas Berry;MALE;16;Moroccan;Bronze;false
288;Corey Dennis;MALE;92;Lithuanian;Standard;true
289;Mark Simpson;MALE;28;Turkish;Bronze;true
290;Pamela Huff;FEMALE;56;Spanish;Standard;false
291;Rebecca Diaz;FEMALE;53;French;Gold;false
292;Robert Hart;MALE;106;Jamaican;Standard;false
293;Austin Robinson;MALE;53;Ugandan;Bronze;false
294;Cassandra Brown;FEMALE;79;Norwegian;Silver;true
295;Carla Scott;FEMALE;96;Malawian;Gold;false
296;Bryan Pacheco;MALE;30;Sri Lankan;Gold;true
297;Raymond Avila;MALE;47;Pakistani;Platinum;true
298;Ruth Green;FEMALE;57;Ethiopian;Standard;true
299;Sean Contreras;MALE;99;Bolivian;Gold;true
300;Morgan Ruiz;FEMALE;27;Mozambican;Gold;false
301;Dennis Malone;MALE;14;Mexican;Gold;false
302;David Carlson;MALE;86;Czech;Platinum;false
303;James Hart;MALE;41;Scottish;Silver;false
304;Richard Reyes;MALE;54;Cameroonian;Standard;true
305;Caitlin Rose;FEMALE;80;Serbian;Gold;true
306;James Johnston;MALE;34;Ugandan;Standard;true
307;Crystal Estrada;FEMALE;62;Barbadian;Standard;false
308;Joshua Craig;MALE;62;Swedish;Platinum;true
309;Kenneth Hernandez;MALE;68;Nepalese;Gold;true
310;Christine Olson;FEMALE;96;Malagasy;Standard;true
311;Danielle Smith;FEMALE;31;Omani;Gold;true
520;Anita Parker;FEMALE;93;Irish;Gold;false
312;Kimberly Kent;FEMALE;38;Romanian;Bronze;false
313;Anne Keller;FEMALE;109;Nigerian;Silver;true
314;Melody Spence;FEMALE;33;Indian;Silver;true
315;Scott Valenzuela;MALE;13;Brazilian;Platinum;false
316;Samantha Brown;FEMALE;88;Zimbabwean;Bronze;false
317;Judith Mitchell;FEMALE;30;Moroccan;Gold;false
318;Michelle Mccarthy;FEMALE;85;Austrian;Platinum;false
319;Donna Alvarez;FEMALE;108;Qatari;Platinum;true
320;Michael Harris;MALE;22;Russian;Bronze;false
321;Mitchell Frey;MALE;37;Zambian;Standard;true
322;Jillian Parker;FEMALE;49;Fijian;Standard;true
323;Andrew Boone;MALE;107;Malawian;Bronze;false
324;Martin Wallace;MALE;114;Kuwaiti;Standard;false
325;Megan Acevedo;FEMALE;52;Polish;Bronze;false
326;Amanda Benitez;FEMALE;46;Bulgarian;Standard;false
327;Jill Stewart;FEMALE;64;Barbadian;Silver;true
328;Heather West;FEMALE;29;Bhutanese;Platinum;false
329;Sean Clark;MALE;108;Chilean;Gold;false
330;Holly Fernandez;FEMALE;93;Thai;Platinum;false
331;David Johnson;MALE;78;Greek;Gold;true
332;Brandon Meyer;MALE;16;Mauritian;Silver;false
333;Brittney Wood;FEMALE;91;Turkish;Gold;false
334;Brandy Ramirez;FEMALE;105;Somali;Standard;true
335;Carolyn Smith;FEMALE;52;Latvian;Gold;true
336;Christina Nielsen;FEMALE;95;Zambian;Bronze;true
337;Christopher Gonzalez;MALE;104;Austrian;Platinum;true
338;Hunter Macdonald;MALE;83;Nigerian;Platinum;true
339;Jeffery Scott;MALE;66;Australian;Bronze;true
340;Kevin Clarke;MALE;29;Uruguayan;Standard;true
341;Marcus Collins;MALE;77;Croatian;Bronze;false
342;Kristen Jefferson;FEMALE;58;Sudanese;Gold;true
343;Monica Vasquez;FEMALE;82;Pakistani;Standard;true
344;Angela Cook;FEMALE;32;Iranian;Platinum;true
345;Matthew Davis;MALE;72;Tunisian;Gold;true
346;Jessica Arroyo;FEMALE;116;Egyptian;Standard;true
347;Alec Acosta;MALE;58;Ethiopian;Bronze;false
348;Kyle Stokes;MALE;82;Australian;Silver;true
349;Renee Jarvis;FEMALE;60;Polish;Platinum;false
350;Frank Hill;MALE;55;Mexican;Gold;true
351;Courtney Garcia;FEMALE;92;Algerian;Gold;false
352;Brittany Khan;FEMALE;31;Brazilian;Silver;true
353;Bryan Kennedy;MALE;32;Trinidadian;Standard;true
354;Darren Riley;MALE;54;Italian;Gold;false
355;Kelly Mitchell;MALE;119;Austrian;Platinum;false
356;Eric Matthews;MALE;27;Nigerian;Platinum;true
357;Karen Hunter;FEMALE;107;Latvian;Bronze;false
358;Ashley Kirk;FEMALE;89;Venezuelan;Standard;true
359;Daniel West;MALE;62;Romanian;Silver;false
360;William Cruz;MALE;24;Egyptian;Silver;false
361;Donna Moore;FEMALE;77;British;Platinum;false
362;Brenda Lewis;FEMALE;30;Mexican;Standard;false
363;Rachel Anderson;FEMALE;19;Italian;Silver;false
364;Kathryn Johnson;FEMALE;13;Mozambican;Silver;true
365;Mary Johnson;FEMALE;44;Scottish;Gold;false
366;David Page;MALE;93;Singaporean;Gold;false
367;James Trevino;MALE;88;Austrian;Bronze;false
368;Wayne Hancock;MALE;36;Senegalese;Standard;false
369;Adrian Garrett;MALE;33;Kuwaiti;Bronze;true
370;John Jordan;MALE;38;Ghanaian;Gold;false
371;Kyle Sexton;MALE;118;Peruvian;Platinum;false
372;Shawn White;MALE;117;Dutch;Silver;true
373;Teresa Patterson;FEMALE;68;Portuguese;Bronze;true
374;Tammy Preston;FEMALE;81;Danish;Platinum;true
375;James Russo;MALE;90;South African;Gold;true
376;Melissa Tate;FEMALE;24;Slovenian;Bronze;false
377;Patrick Williamson;MALE;74;Austrian;Gold;false
378;Cindy Andrews;FEMALE;61;Omani;Silver;true
379;Sandra Wilkerson;FEMALE;49;Greek;Platinum;false
380;Michael Williams;MALE;104;Thai;Gold;true
381;Karen Hudson;FEMALE;59;Nigerian;Platinum;true
382;Katherine Dixon;FEMALE;54;Peruvian;Standard;false
383;Jessica Novak;FEMALE;81;Mozambican;Standard;true
384;Donald Daniels;MALE;53;Nepalese;Bronze;true
385;Michael Harris;MALE;12;Czech;Standard;false
386;Clayton Taylor;MALE;91;Hungarian;Platinum;true
387;Eric Coleman;MALE;30;Argentinian;Silver;true
388;David Armstrong;MALE;88;Chinese;Bronze;false
389;Derrick Brown;MALE;100;Namibian;Standard;false
390;Melissa Hernandez;FEMALE;53;Tanzanian;Standard;false
391;Kathryn Martin;FEMALE;110;Serbian;Standard;false
392;Jonathan Carr;MALE;36;Turkish;Bronze;true
393;Gary Wright;MALE;82;Ivorian;Platinum;true
394;Michael Smith;MALE;37;Brazilian;Gold;false
395;Sherry Watson;FEMALE;49;Slovak;Bronze;false
396;Carlos Johnson;MALE;93;Ecuadorian;Gold;false
397;Victoria Fields;FEMALE;57;Palestinian;Gold;true
398;Justin Flynn;MALE;34;Emirati;Gold;true
399;Brandon Alvarado;MALE;13;Austrian;Gold;true
400;Michael Bates;MALE;41;Portuguese;Platinum;true
401;Gary Jones;MALE;55;Kuwaiti;Bronze;false
402;Elizabeth Walker;FEMALE;69;Ecuadorian;Gold;false
403;Brooke Case;FEMALE;66;Iraqi;Platinum;false
404;Curtis Compton;MALE;67;Mozambican;Silver;false
405;Robert Stein;MALE;71;Uruguayan;Gold;true
406;Brian Butler;MALE;72;Slovenian;Platinum;true
407;Christina Figueroa;FEMALE;105;Bhutanese;Silver;false
408;Kimberly Price;FEMALE;105;Congolese;Bronze;false
409;Patrick Coleman;MALE;59;Swiss;Standard;false
410;Alan Eaton;MALE;29;Ukrainian;Bronze;true
411;Darlene Miller;FEMALE;53;Congolese;Gold;true
412;David Pruitt;MALE;108;Filipino;Gold;true
413;Chris Mosley;MALE;62;Lithuanian;Standard;false
414;Danielle Williamson;FEMALE;97;Irish;Standard;false
415;Timothy Stewart;MALE;95;Indonesian;Platinum;false
416;Benjamin Myers;MALE;85;Jordanian;Silver;false
417;Sarah Shaw;FEMALE;54;Malaysian;Platinum;true
418;Aaron Klein;MALE;24;Liberian;Silver;false
419;Steven Ford;MALE;73;Palestinian;Bronze;false
420;Brian Williamson;MALE;120;Vietnamese;Silver;false
421;Alexis Lane;FEMALE;29;Kenyan;Gold;true
422;James Hubbard;MALE;62;Emirati;Standard;false
423;Tammy Acosta;FEMALE;86;Russian;Standard;true
424;Curtis Anderson;MALE;94;Japanese;Platinum;true
425;Anthony Martinez;MALE;94;Portuguese;Bronze;true
426;Elizabeth Wilson;FEMALE;54;Slovenian;Bronze;false
427;Patrick Young;MALE;107;Turkish;Gold;true
428;Stephanie Vasquez;FEMALE;44;Welsh;Gold;true
429;Michelle Mathis;FEMALE;117;Tanzanian;Platinum;true
430;Steven Glass;MALE;58;Ecuadorian;Platinum;true
431;Christine Walker;FEMALE;87;Dutch;Silver;true
432;William Martinez;MALE;13;Ugandan;Standard;true
433;Andrew Thompson;MALE;55;Bhutanese;Bronze;false
434;Linda Murphy;FEMALE;13;Polish;Silver;false
435;Lori Johnson;FEMALE;32;Ghanaian;Silver;false
436;Ernest Ramirez;MALE;38;Belgian;Bronze;false
437;Tiffany Huang;FEMALE;75;German;Bronze;false
438;Erin Sanchez;FEMALE;113;Bulgarian;Gold;true
439;Alexander Bridges;MALE;18;Spanish;Standard;true
440;Mallory Branch;FEMALE;114;Scottish;Bronze;false
441;Maria Malone;FEMALE;95;Korean;Bronze;false
442;Steven Christian;MALE;49;Liberian;Platinum;false
443;Kyle Rodriguez;MALE;23;Barbadian;Silver;true
444;Samantha Robinson;FEMALE;118;Slovak;Bronze;false
445;Shannon Rice;MALE;39;Croatian;Standard;true
446;Mary Briggs;FEMALE;85;Zimbabwean;Standard;true
447;Victor Yates;MALE;93;Czech;Bronze;true
448;Jessica Terry;FEMALE;32;Palestinian;Platinum;false
449;William Dickerson;MALE;19;Romanian;Bronze;true
450;Kevin Norris;MALE;54;Russian;Gold;true
451;Jenny Wood;FEMALE;68;German;Gold;true
452;Mark Cole;MALE;100;Russian;Gold;true
453;Ashley Reynolds;FEMALE;116;Dutch;Bronze;false
454;Justin Meadows;MALE;96;Sri Lankan;Platinum;false
455;Jacob Reid;MALE;76;Irish;Gold;false
456;Madeline Holmes;FEMALE;96;Ivorian;Standard;true
457;Jeffery Peterson;MALE;92;Moroccan;Bronze;true
458;Alec Bonilla;MALE;54;Sri Lankan;Silver;false
459;Tammy Hendricks;FEMALE;36;Mexican;Silver;true
460;Devon Lang;MALE;98;Austrian;Bronze;true
461;Benjamin Fisher;MALE;72;Mauritian;Silver;true
462;Sarah Savage;FEMALE;79;Pakistani;Standard;true
463;Jennifer Caldwell;FEMALE;61;Zambian;Standard;false
464;Daniel Bird;MALE;104;Bahamian;Silver;true
465;Adam Mcguire;MALE;14;Bahamian;Silver;true
466;Erica Lee;FEMALE;70;Nigerian;Gold;true
467;Valerie Chang;FEMALE;10;Zimbabwean;Standard;true
468;Kimberly Vasquez;FEMALE;24;Bangladeshi;Standard;true
469;Rhonda Nelson;FEMALE;65;Latvian;Standard;true
470;Elizabeth Singh;FEMALE;90;Ukrainian;Bronze;true
471;Paul Reid;MALE;70;Cameroonian;Platinum;true
472;Christopher Blair;MALE;53;Botswanan;Gold;true
473;Matthew Smith;MALE;18;American;Platinum;false
474;Brad Holland;MALE;76;Tanzanian;Platinum;false
475;Steven Jones;MALE;80;Ethiopian;Gold;true
476;Raymond Garcia;MALE;37;Barbadian;Bronze;true
477;Elizabeth Stevens;FEMALE;46;Chilean;Silver;false
478;Gary Diaz;MALE;24;Norwegian;Standard;true
479;Randy Love;MALE;90;Polish;Platinum;true
480;Kara Johnson;FEMALE;36;Czech;Gold;false
481;Cynthia Turner;FEMALE;111;Ugandan;Standard;false
482;Johnny Gentry;MALE;87;Jordanian;Standard;true
483;Rita Jones;FEMALE;45;Slovak;Bronze;true
484;Daniel Ramos;MALE;38;Mexican;Gold;false
485;Mark Hinton;MALE;116;Canadian;Bronze;true
486;Todd Chase;MALE;95;Bangladeshi;Silver;true
487;Amanda Ballard;FEMALE;112;Mozambican;Bronze;false
488;Michael Harmon;MALE;82;Moroccan;Bronze;true
489;Jacob Fisher;MALE;102;Namibian;Silver;false
490;Tammy Carr;FEMALE;21;Namibian;Standard;false
491;Eric Cole;MALE;67;Portuguese;Platinum;false
492;Jessica Mendez;FEMALE;67;Vietnamese;Silver;false
493;Emily Church;FEMALE;99;Hungarian;Platinum;true
494;Marvin Anderson;MALE;96;Irish;Bronze;true
495;Scott Williams;MALE;35;Bangladeshi;Silver;true
496;Heidi Herman;FEMALE;23;Indian;Platinum;true
497;Jorge Moran;MALE;57;Kuwaiti;Bronze;false
498;Spencer Johnson;MALE;71;Italian;Silver;false
499;Jasmine Keller;FEMALE;68;Ghanaian;Bronze;true
500;Cody Scott;MALE;69;Dutch;Silver;true
501;Sonya Harris;FEMALE;87;Turkish;Gold;false
502;Christopher Bullock;MALE;46;Canadian;Platinum;true
503;Victoria Braun;FEMALE;115;Iraqi;Platinum;true
504;Jeffrey Brown;MALE;29;Danish;Gold;false
505;Cody Graham;MALE;113;Romanian;Bronze;true
506;William Robbins;MALE;69;Vietnamese;Platinum;true
507;Jennifer Hernandez;FEMALE;81;Korean;Bronze;false
508;Robert Flores;MALE;108;Japanese;Gold;true
509;Henry Whitehead;MALE;96;German;Standard;true
510;Angela Walsh;FEMALE;34;Zimbabwean;Gold;false
511;Kathryn Morales;FEMALE;64;Indian;Platinum;true
512;Edwin Walker;MALE;88;Tunisian;Standard;false
513;Cathy Adams;FEMALE;10;Romanian;Standard;true
514;Robert Mcknight;MALE;13;Iraqi;Bronze;true
515;Amanda Long;FEMALE;81;Angolan;Standard;false
516;Christine Ferrell;FEMALE;11;Emirati;Gold;false
517;Donna Crawford;FEMALE;68;Chilean;Gold;true
518;Dustin Harrell;MALE;118;Uruguayan;Gold;false
519;Richard Hill;MALE;93;Slovak;Gold;true
521;Natasha Woods;FEMALE;116;Mauritian;Standard;true
522;James Salazar;MALE;100;Iranian;Platinum;true
523;Allen Mcdaniel;MALE;116;Ukrainian;Standard;false
524;Justin Dennis;MALE;36;Ghanaian;Silver;true
525;Meghan Sanders;FEMALE;93;Russian;Platinum;false
526;Joseph Noble;MALE;55;Somali;Platinum;true
527;David Torres;MALE;19;Chilean;Platinum;true
528;Matthew Mills;MALE;41;Serbian;Gold;false
529;Joel Sloan;MALE;118;Bolivian;Platinum;true
530;Kristen Scott;FEMALE;47;Jamaican;Platinum;true
531;Hannah Contreras;FEMALE;48;Indonesian;Silver;true
532;Gloria Waters;FEMALE;13;Slovak;Standard;false
533;Nathan Sanchez;MALE;66;Iranian;Bronze;false
534;Taylor Robbins;FEMALE;11;Liberian;Standard;false
535;Nancy Cook;FEMALE;105;Paraguayan;Gold;true
536;Jennifer Strickland;FEMALE;67;Palestinian;Platinum;false
537;Amanda Guzman;FEMALE;118;Indian;Silver;false
538;Steve Davila;MALE;44;Emirati;Platinum;true
539;Randy Neal;MALE;20;Angolan;Gold;true
540;Ricky Diaz;MALE;76;Ecuadorian;Standard;true
541;Bradley Anthony;MALE;74;Nepalese;Silver;false
542;Katrina Coffey;FEMALE;67;Vietnamese;Gold;true
543;Patrick Johnson;MALE;39;Paraguayan;Standard;true
544;Pamela Kline;FEMALE;20;Mexican;Platinum;true
545;Jeffrey Reed;MALE;53;Peruvian;Silver;false
546;Timothy Lane;MALE;17;Bahamian;Bronze;true
547;Deborah Russell;FEMALE;10;Senegalese;Platinum;true
548;Patrick Spencer;MALE;57;Canadian;Silver;true
549;Barbara Morgan;FEMALE;10;Fijian;Platinum;false
550;Christine Rodriguez;FEMALE;54;Kenyan;Silver;true
551;Jessica Brown;FEMALE;25;Swiss;Silver;false
552;Andrew Rodriguez;MALE;27;Filipino;Bronze;true
553;Jason Winters;MALE;71;Turkish;Gold;false
554;Colleen Meadows;FEMALE;39;Nepalese;Platinum;false
555;Ryan Thompson;MALE;107;Belgian;Standard;true
556;Madeline Dominguez;FEMALE;28;Malagasy;Bronze;false
557;Rachel Salazar;FEMALE;106;Sri Lankan;Platinum;false
558;Anne Parsons;FEMALE;110;Iranian;Platinum;true
559;Glenn Vazquez;MALE;50;Croatian;Silver;false
560;Benjamin Smith;MALE;29;Latvian;Standard;false
561;Thomas Miles;MALE;90;Austrian;Standard;true
562;Kimberly Simon;FEMALE;55;Emirati;Gold;false
563;Christina Ward;FEMALE;106;Indian;Standard;true
564;Anthony Schneider;MALE;114;Namibian;Standard;false
565;Jean Walker;FEMALE;48;Malawian;Platinum;true
566;Diane Lopez;FEMALE;86;Nigerian;Bronze;false
567;Alexander Butler;MALE;56;Lithuanian;Platinum;false
568;Michelle Armstrong;FEMALE;91;Australian;Silver;true
569;John Martinez;MALE;49;Lithuanian;Bronze;true
570;David Watson;MALE;25;Colombian;Bronze;false
571;Brittany Valenzuela;FEMALE;90;Palestinian;Bronze;true
572;Lisa Wilson;FEMALE;51;Vietnamese;Standard;true
573;Judy Miller;FEMALE;107;Serbian;Silver;false
574;Michaela Gonzales;FEMALE;33;Lithuanian;Bronze;false
575;Francisco Barnes;MALE;101;American;Platinum;false
576;Sarah Harrington;FEMALE;86;Peruvian;Gold;true
577;Lauren Villa;FEMALE;49;Lebanese;Gold;true
578;Kevin Hernandez;MALE;74;Iranian;Bronze;false
579;William Mason;MALE;23;Kuwaiti;Platinum;false
580;Kelly Nash;FEMALE;80;Bangladeshi;Silver;true
581;Dorothy Mendez;FEMALE;24;Kenyan;Standard;false
582;David Miller;MALE;41;Singaporean;Silver;false
583;Donna Cox;FEMALE;82;Swiss;Gold;false
584;Timothy Weaver;MALE;88;New Zealander;Gold;false
585;Robert Moreno;MALE;20;Welsh;Bronze;false
586;Brian Romero;MALE;70;Scottish;Standard;true
587;Christine Werner;FEMALE;72;Malawian;Platinum;true
588;Shelby Velazquez;FEMALE;44;Tunisian;Silver;false
589;Ashley Santiago;FEMALE;104;Malawian;Silver;true
590;Donald Ramos;MALE;85;New Zealander;Bronze;false
591;Kenneth Barnes;MALE;13;Congolese;Platinum;false
592;Scott Ewing;MALE;105;Mozambican;Standard;false
593;Maria Ryan;FEMALE;43;Ivorian;Platinum;true
594;Nicole Anthony;FEMALE;78;Dutch;Bronze;true
595;Robert Luna;MALE;32;Korean;Bronze;true
596;Luis Bishop;MALE;32;Mozambican;Standard;true
597;Blake Lynch;MALE;61;Malawian;Silver;false
598;Joseph Davis;MALE;55;Bahamian;Standard;true
599;Christopher Molina;MALE;87;Swiss;Bronze;true
600;Jesus Richardson;MALE;109;Nepalese;Standard;false
601;Morgan Gregory;FEMALE;20;Romanian;Standard;false
602;Brian Mclaughlin;MALE;83;Ugandan;Standard;true
603;Robert Bryan;MALE;16;Welsh;Bronze;false
604;Eddie Suarez;MALE;83;Greek;Platinum;false
605;Ellen Elliott;FEMALE;118;Bolivian;Gold;false
606;Mary Cook;FEMALE;45;Lithuanian;Gold;true
607;Nichole Williams;FEMALE;103;Ghanaian;Standard;false
608;Jamie Barton;FEMALE;102;Malawian;Bronze;true
609;Ruth Henry;FEMALE;96;Fijian;Standard;true
610;Lauren Barrett;FEMALE;100;Iraqi;Silver;false
611;Phillip Barajas;MALE;38;Russian;Gold;true
612;Eileen Shaffer;FEMALE;69;Bolivian;Standard;false
613;Natalie Chandler;FEMALE;17;Cameroonian;Platinum;false
614;Mary Graham;FEMALE;95;Spanish;Platinum;false
615;Deborah Scott;FEMALE;66;Nepalese;Standard;true
616;Warren Simon;MALE;113;Indonesian;Silver;true
617;Connie Long;FEMALE;35;Scottish;Standard;false
618;Mary Davis;FEMALE;23;Malaysian;Standard;true
619;Robert Matthews;MALE;104;Syrian;Standard;false
620;Stephanie Welch;FEMALE;58;Uruguayan;Bronze;true
621;Nathaniel Salas;MALE;44;Kenyan;Platinum;false
622;Katie Franklin;FEMALE;25;Thai;Bronze;false
623;Matthew Velazquez;MALE;14;Malaysian;Bronze;false
624;Matthew Holden;MALE;85;Ecuadorian;Bronze;false
625;Corey Wilson;MALE;102;Thai;Platinum;false
626;Monica Cameron;FEMALE;20;Thai;Gold;false
627;William Riley;MALE;106;Chilean;Gold;true
628;Jeffery Jackson;MALE;74;Russian;Bronze;false
629;George George;MALE;18;Cameroonian;Bronze;false
630;Caitlin Oconnor;FEMALE;58;Jamaican;Gold;false
631;Bruce Madden;MALE;61;Croatian;Platinum;true
632;Todd Johnson;MALE;114;Slovenian;Silver;false
633;Michael Hancock;MALE;79;New Zealander;Bronze;true
634;Bobby Pitts;MALE;40;Indonesian;Bronze;true
635;Scott Sharp;MALE;90;Angolan;Bronze;false
636;Kimberly Palmer;FEMALE;33;Iranian;Bronze;true
637;Brooke Gray;FEMALE;58;Finnish;Gold;false
638;Brittany Kane;FEMALE;109;Uruguayan;Silver;false
639;Justin Smith;MALE;117;Zambian;Silver;true
640;Jordan Hall;FEMALE;58;Croatian;Platinum;false
641;Zachary Lee;MALE;94;Japanese;Standard;true
642;William Williams;MALE;59;Omani;Platinum;true
643;Melissa Henderson;FEMALE;100;American;Platinum;false
644;Ashley Dennis;FEMALE;74;Japanese;Bronze;true
645;Heidi Weiss;FEMALE;33;Thai;Silver;true
646;Tim Patterson;MALE;105;Mexican;Silver;false
647;Jaclyn Todd;FEMALE;107;Palestinian;Bronze;false
648;Joanne Barry;FEMALE;88;Ecuadorian;Gold;false
649;Robert Gomez;MALE;33;Filipino;Standard;false
650;Jacob Williams;MALE;50;Indonesian;Standard;false
651;Jack Rice;MALE;33;Ukrainian;Bronze;false
652;Benjamin Owen;MALE;85;Filipino;Bronze;true
653;Jessica Hernandez;FEMALE;110;Congolese;Gold;true
654;John White;MALE;32;Portuguese;Platinum;true
655;Ann Morris;FEMALE;105;Irish;Gold;true
656;Caroline Raymond;FEMALE;15;Ugandan;Silver;true
657;Michael Simon;MALE;57;Serbian;Platinum;false
658;Shelley Kelly;FEMALE;40;Slovenian;Gold;false
659;Maurice Garcia;MALE;115;Chilean;Standard;false
660;Darrell James;MALE;55;Finnish;Silver;false
661;Devon Mcdaniel;MALE;85;American;Platinum;false
662;Nathaniel Stevens;MALE;103;Brazilian;Silver;false
663;Thomas Morris;MALE;70;Congolese;Bronze;false
664;Tracy Harris;FEMALE;12;Uruguayan;Bronze;true
665;Tanner Barnes;MALE;25;Nepalese;Gold;true
666;Tonya Wright;FEMALE;26;Qatari;Bronze;false
667;Thomas Bray;MALE;107;Polish;Bronze;true
668;Belinda White;FEMALE;91;Australian;Platinum;true
669;Curtis Velasquez;MALE;42;Ivorian;Gold;false
670;Courtney Shaw;FEMALE;102;Turkish;Silver;false
671;Gerald Smith;MALE;47;Latvian;Standard;true
672;Emily Mckinney;FEMALE;25;Mauritian;Bronze;true
673;Alicia Smith;FEMALE;46;Greek;Standard;true
674;Joshua Smith;MALE;79;Romanian;Bronze;true
675;Catherine Brown;FEMALE;64;Qatari;Silver;false
676;Amanda Beltran;FEMALE;112;Argentinian;Standard;false
677;Gerald Frederick;MALE;50;Palestinian;Standard;true
678;Daniel Hatfield;MALE;18;Portuguese;Silver;false
679;Kenneth Beltran;MALE;25;Cameroonian;Gold;true
680;Marc Torres;MALE;38;Portuguese;Silver;true
681;Paul Stewart;MALE;110;Scottish;Standard;true
682;Sarah May;FEMALE;75;Filipino;Gold;false
683;Neil Stephens;MALE;72;Kenyan;Platinum;false
684;Allison Morgan;FEMALE;30;Panamanian;Gold;true
685;Jonathan Mcgee;MALE;72;Brazilian;Platinum;true
686;Edgar Harris;MALE;56;Canadian;Standard;false
687;Anthony Flores;MALE;103;Saudi Arabian;Standard;true
688;Joseph Hanson;MALE;52;New Zealander;Platinum;false
689;Kathryn Gibson;FEMALE;43;Zimbabwean;Silver;true
690;Steven Burns;MALE;106;Angolan;Platinum;true
691;Cheryl Garza;FEMALE;91;American;Standard;false
692;Deborah Parker;FEMALE;59;Italian;Silver;true
693;Deanna Short;FEMALE;11;Croatian;Silver;true
694;Erin Smith;FEMALE;10;Angolan;Silver;true
695;Megan Hampton;FEMALE;113;Ethiopian;Platinum;true
696;Catherine George;FEMALE;98;Welsh;Gold;true
697;Kevin Adams;MALE;10;Japanese;Platinum;false
698;Larry Gardner;MALE;12;Omani;Gold;false
699;Erik Williams;MALE;113;Slovenian;Standard;true
700;Betty Schmitt;FEMALE;20;Danish;Standard;true
701;Christopher Stanley;MALE;33;Bangladeshi;Silver;true
702;Daniel Moore;MALE;112;Nigerian;Standard;true
703;Paul Johnson;MALE;112;Moroccan;Silver;false
704;Kelly Goodman;FEMALE;54;Colombian;Gold;false
705;Mckenzie Fields;FEMALE;28;Chinese;Standard;true
706;Sara Sloan;FEMALE;45;Kenyan;Gold;false
707;Nicole Molina;FEMALE;109;Thai;Gold;false
708;Thomas Matthews;MALE;29;Bolivian;Standard;true
709;Steven Frazier;MALE;11;Romanian;Standard;true
710;Jose Warren;MALE;90;Welsh;Bronze;false
711;Miguel Walker;MALE;31;Ivorian;Bronze;false
712;Raymond Bullock;MALE;53;Syrian;Silver;false
713;Brianna Wright;FEMALE;86;Irish;Standard;true
714;Daniel Paul;MALE;63;Australian;Bronze;true
715;Elizabeth Powell;FEMALE;88;Australian;Platinum;true
716;Joseph Hernandez;MALE;10;Peruvian;Silver;true
717;David Armstrong;MALE;26;Irish;Platinum;true
718;Sonya Payne;FEMALE;102;Zimbabwean;Platinum;true
719;Carrie Liu;FEMALE;65;Peruvian;Standard;false
720;Roger Simon;MALE;32;American;Platinum;false
721;Larry Hernandez;MALE;93;French;Platinum;false
722;Jeremy Gilbert;MALE;106;Australian;Silver;false
723;Robert Chan;MALE;25;Swedish;Bronze;false
724;Jake Hayes;MALE;109;Mauritian;Silver;false
725;Austin Rodriguez;MALE;54;Panamanian;Silver;false
726;Daniel Gray;MALE;100;Greek;Platinum;true
727;Samuel Sandoval;MALE;57;Latvian;Gold;true
728;Kenneth Hicks;MALE;48;Kenyan;Silver;false
729;Ronald Smith;MALE;51;Danish;Standard;false
730;Tracy Beasley;FEMALE;18;Estonian;Silver;true
731;Jose Butler;MALE;30;Mauritian;Platinum;true
732;Lindsey Wilkinson;FEMALE;16;Chinese;Standard;false
733;Mary Fernandez;FEMALE;86;Swiss;Platinum;true
734;Christine Dixon;FEMALE;43;Costa Rican;Silver;false
735;Ray Soto;MALE;22;Lithuanian;Silver;true
736;Brittney Williams;FEMALE;41;Korean;Silver;false
737;Angela Jackson;FEMALE;87;Greek;Silver;true
738;Sandra Hunt;FEMALE;18;Greek;Silver;false
739;Donna Moore;FEMALE;118;Serbian;Silver;false
740;Nicole Pham;FEMALE;67;Ecuadorian;Bronze;false
741;Jonathan Haynes;MALE;66;Pakistani;Standard;true
742;Megan Thompson;FEMALE;82;Turkish;Standard;false
743;Michael Austin;MALE;111;Turkish;Standard;true
744;David Johnson;MALE;83;Indian;Standard;true
745;Margaret Robertson;FEMALE;84;German;Platinum;false
746;Ruth Mccoy;FEMALE;37;Fijian;Gold;false
747;Laura Ware;FEMALE;28;Korean;Platinum;false
748;Kelsey Blanchard;FEMALE;107;Palestinian;Platinum;false
749;Cassidy Hayes;FEMALE;73;Somali;Platinum;false
750;Peter Johnson;MALE;52;Indonesian;Standard;false
751;Wesley Durham;MALE;115;Ethiopian;Bronze;false
752;Jessica Nelson;FEMALE;21;Serbian;Silver;true
753;Alexis Pierce;FEMALE;73;Polish;Bronze;true
754;Jeremy Moore;MALE;23;Ukrainian;Bronze;true
755;Robert Martin;MALE;19;Indonesian;Standard;false
756;Bernard West;MALE;73;Swiss;Platinum;false
757;Mark Cook;MALE;111;Canadian;Standard;true
758;Joseph Miller;MALE;60;Singaporean;Gold;true
759;Gina Atkinson;FEMALE;70;Kuwaiti;Gold;true
760;Frank Thompson;MALE;28;Iranian;Standard;true
761;Mark Ayers;MALE;101;Norwegian;Gold;true
762;Laurie Patrick;FEMALE;31;Brazilian;Gold;false
763;Melanie Russell;FEMALE;88;Danish;Standard;false
764;Maxwell Reynolds;MALE;71;Nigerian;Bronze;true
765;Scott Pace;MALE;115;Malaysian;Standard;false
766;Anita Santos;FEMALE;75;Tunisian;Standard;true
767;Douglas Mathews;MALE;60;Chinese;Gold;false
768;Brandi Watkins;FEMALE;95;Singaporean;Gold;true
769;William White;MALE;116;Brazilian;Platinum;false
770;Keith Thomas;MALE;55;Ukrainian;Platinum;false
771;Crystal Christian;FEMALE;62;Bolivian;Gold;false
772;Jose Moore;MALE;105;Fijian;Bronze;false
773;Danielle Heath;FEMALE;117;Nepalese;Gold;true
774;Michaela Gonzales;FEMALE;31;Mauritian;Standard;false
775;Ernest Spencer;MALE;119;Jamaican;Bronze;true
776;Christopher Adams;MALE;27;Swedish;Bronze;false
777;Mitchell Graves;MALE;46;Turkish;Silver;false
778;Matthew Martinez;MALE;67;Syrian;Bronze;true
779;John Lewis;MALE;111;Finnish;Platinum;true
780;Michael Melendez;MALE;55;Swedish;Bronze;false
781;Ryan Nelson;MALE;90;Belgian;Bronze;false
782;Maria Rosales;FEMALE;26;Lithuanian;Gold;true
783;Thomas White;MALE;63;Tanzanian;Bronze;false
784;Miranda Harrell;FEMALE;51;Finnish;Standard;true
785;Joseph Reed;MALE;94;Indonesian;Platinum;true
786;Darlene Pham;FEMALE;46;Scottish;Standard;true
787;Jason Miller;MALE;29;Latvian;Gold;false
788;Tyrone Taylor;MALE;87;Brazilian;Silver;false
789;Larry Huynh;MALE;86;Scottish;Platinum;false
790;Kristina Arnold;FEMALE;48;Malagasy;Silver;false
791;Michele Acosta;FEMALE;100;Belgian;Gold;false
792;Alex Davis;MALE;43;Danish;Platinum;true
793;Richard Rogers;MALE;108;Chinese;Platinum;true
794;James Douglas;MALE;35;Iranian;Bronze;true
795;Jill Pace;FEMALE;10;Barbadian;Platinum;true
796;Timothy Peterson;MALE;55;Kenyan;Silver;true
797;Joseph Oneal;MALE;41;Bolivian;Silver;true
798;Sherri Kelly;FEMALE;28;Bahamian;Standard;false
799;Deanna Olson;FEMALE;73;Swedish;Gold;false
800;Kevin Davis;MALE;109;Turkish;Platinum;false
801;Carla Snyder;FEMALE;110;Italian;Gold;true
802;Julie Daniels;FEMALE;86;Jordanian;Standard;true
803;Judith Cox;FEMALE;57;Swedish;Silver;false
804;Kimberly Ward;FEMALE;103;Slovenian;Silver;true
805;Eric Burnett;MALE;106;Mauritian;Platinum;false
806;Donald Rodriguez;MALE;81;Irish;Silver;false
807;Alexandra Webb;FEMALE;40;Swiss;Bronze;true
808;Rodney Hansen;MALE;76;Angolan;Platinum;false
809;Christy Hernandez;FEMALE;114;Liberian;Standard;false
810;Michael Snyder;MALE;36;Ethiopian;Standard;false
811;Patricia Leonard;FEMALE;65;Zambian;Bronze;true
812;Matthew Boyd;MALE;48;Peruvian;Standard;false
813;Angela Miller;FEMALE;13;Panamanian;Platinum;false
814;Martin Lee;MALE;47;Australian;Bronze;false
815;Brent Ashley;MALE;62;Irish;Platinum;false
816;Christina Ruiz;FEMALE;51;American;Gold;true
817;Jessica Dennis;FEMALE;14;Portuguese;Gold;true
818;Robert Dixon;MALE;16;Qatari;Platinum;false
819;Jessica Butler;FEMALE;112;Spanish;Silver;false
820;Tracey Johnson;FEMALE;66;Malawian;Gold;false
821;Charles Bishop;MALE;34;Australian;Platinum;false
822;Virginia Lopez;FEMALE;19;Romanian;Bronze;false
823;Jason Walker;MALE;30;Irish;Gold;false
824;Oscar Chavez;MALE;120;Spanish;Standard;true
825;Brianna Morgan;FEMALE;57;Moroccan;Platinum;false
826;Terri Reese;FEMALE;17;Qatari;Standard;false
827;Vincent Montgomery;MALE;105;Ghanaian;Gold;true
828;Veronica Townsend;FEMALE;94;Barbadian;Platinum;true
829;Jeffrey Cruz;MALE;51;Jamaican;Bronze;true
830;Daniel Cain;MALE;99;Fijian;Gold;false
831;Hayley Horne;FEMALE;80;Kenyan;Bronze;true
832;Matthew Case;MALE;81;South African;Standard;true
833;Brandon Ferguson;MALE;104;Bahamian;Gold;true
834;Kathleen Willis;FEMALE;69;Ethiopian;Silver;true
835;Kellie Hester;FEMALE;25;Angolan;Platinum;false
836;Nicholas Fowler;MALE;105;Croatian;Silver;true
837;Chris Harris;MALE;104;Belgian;Standard;true
838;Lisa Jones;FEMALE;98;Italian;Standard;false
839;Regina Dorsey;FEMALE;92;Singaporean;Platinum;true
840;Karen Edwards;FEMALE;28;Scottish;Standard;false
841;Matthew Mitchell;MALE;63;Venezuelan;Silver;true
842;Brian Horton;MALE;42;Polish;Silver;false
843;Angela Brooks;FEMALE;83;Korean;Platinum;false
844;Amy Curtis;FEMALE;14;Singaporean;Standard;false
845;Christy Thompson;FEMALE;81;Egyptian;Silver;true
846;Ryan Schmidt;MALE;94;Filipino;Gold;true
847;Peter Melton;MALE;26;Senegalese;Silver;true
848;Emily Hogan;FEMALE;64;Spanish;Standard;true
849;Teresa Patterson;FEMALE;120;Norwegian;Bronze;false
850;Deborah Travis;FEMALE;52;American;Silver;true
851;Haley Austin;FEMALE;118;Namibian;Gold;true
852;Brandon Roberts;MALE;64;German;Silver;true
853;Philip Martinez;MALE;81;Canadian;Gold;false
854;Brian Luna;MALE;54;Tunisian;Bronze;false
855;Christopher Mckenzie;MALE;44;Kuwaiti;Standard;true
856;Jennifer Shelton;FEMALE;54;Mauritian;Platinum;true
857;Patricia Watkins;FEMALE;108;Tanzanian;Silver;true
858;Aaron Hebert;MALE;95;Turkish;Platinum;true
859;Priscilla Williams;FEMALE;10;Chilean;Gold;false
860;Laura Chapman;FEMALE;98;Sri Lankan;Silver;false
861;Gabriel Bennett;MALE;70;Jamaican;Platinum;false
862;Cheryl Hayes;FEMALE;15;Ukrainian;Platinum;false
863;Alexander Manning;MALE;69;Tunisian;Silver;true
864;Felicia Garcia;FEMALE;50;Emirati;Bronze;true
865;James Gray;MALE;10;Ivorian;Bronze;false
866;Tracy Woodward;FEMALE;29;Finnish;Standard;true
867;Lisa Nelson;FEMALE;106;Peruvian;Silver;false
868;Sheila Atkinson;FEMALE;80;Ghanaian;Standard;false
869;Brian Smith;MALE;112;Chinese;Silver;true
870;Charles Quinn;MALE;88;Paraguayan;Silver;true
871;Valerie Thomas;FEMALE;41;American;Gold;false
872;David Snyder;MALE;67;Uruguayan;Gold;true
873;Ryan Miranda;MALE;27;Ecuadorian;Silver;false
874;David Santiago;MALE;15;Syrian;Silver;true
875;David Pearson;MALE;43;Ghanaian;Standard;true
876;Matthew Morgan;MALE;22;Paraguayan;Bronze;true
877;Jerry Vang;MALE;109;Panamanian;Bronze;true
878;Phillip Berry;MALE;26;Irish;Standard;false
879;Michael Watson;MALE;42;Zambian;Standard;true
880;Jose Sanchez;MALE;44;Zimbabwean;Gold;true
881;John Wolfe;MALE;58;Saudi Arabian;Gold;true
882;Nancy Hawkins;FEMALE;54;Brazilian;Silver;false
883;Richard Holloway;MALE;39;Austrian;Platinum;true
884;Christopher Miles;MALE;25;Croatian;Gold;true
885;Mark Ramirez;MALE;19;Emirati;Gold;false
886;Valerie Wagner;FEMALE;76;Zimbabwean;Standard;false
887;Patrick Garcia;MALE;104;Namibian;Gold;false
888;Joshua Cruz;MALE;120;Angolan;Bronze;true
889;Willie Powell;MALE;14;Uruguayan;Bronze;true
890;Melissa Simmons;FEMALE;43;Egyptian;Bronze;true
891;Stephanie Yu;FEMALE;83;Trinidadian;Standard;true
892;Glenn Jones;MALE;45;Irish;Gold;false
893;John Gregory;MALE;102;Singaporean;Silver;true
894;Carol Buck;FEMALE;44;Sudanese;Bronze;false
895;Marissa Paul;FEMALE;94;Ukrainian;Standard;false
896;Steven Robles;MALE;80;Scottish;Platinum;false
897;Jack Rogers;MALE;17;Bangladeshi;Standard;false
898;Kristina Simpson;FEMALE;15;Zimbabwean;Silver;true
899;Jennifer Mccall;FEMALE;84;Kenyan;Platinum;false
900;Alisha Berg;FEMALE;30;Trinidadian;Bronze;true
901;Tonya Williams;FEMALE;53;Turkish;Standard;true
902;Christina Simon;FEMALE;102;Malaysian;Platinum;false
903;Pamela Patel;FEMALE;46;Colombian;Platinum;true
904;Brian Johnson;MALE;116;Namibian;Gold;true
905;Zachary Ellis;MALE;95;Barbadian;Gold;true
906;Martha Acosta;FEMALE;40;Japanese;Bronze;true
907;Erin Smith;FEMALE;29;South African;Standard;false
908;Troy Edwards;MALE;109;Portuguese;Bronze;true
909;Scott Cooper;MALE;24;Egyptian;Bronze;true
910;Douglas David;MALE;67;American;Gold;true
911;Jennifer Hays;FEMALE;72;Argentinian;Standard;true
912;Mary Cooley;FEMALE;88;Tanzanian;Silver;true
913;Cynthia Rodriguez;FEMALE;115;Kuwaiti;Standard;false
914;Hunter Coleman;MALE;32;Slovak;Bronze;false
915;Daisy Bridges;FEMALE;74;German;Standard;false
916;Daniel Morse;MALE;76;Qatari;Silver;true
917;Cathy Zamora;FEMALE;53;Cameroonian;Bronze;true
918;Abigail Anderson;FEMALE;25;Saudi Arabian;Bronze;false
919;Charles Livingston;MALE;12;Irish;Bronze;false
920;Cynthia Rodriguez;FEMALE;58;Trinidadian;Silver;false
921;Kristen Lopez;FEMALE;94;Finnish;Standard;true
922;Patricia Lewis;FEMALE;74;American;Platinum;false
923;Patricia Palmer;FEMALE;99;Qatari;Standard;false
924;Robert Kennedy;MALE;10;German;Platinum;false
925;Holly Bradshaw;FEMALE;22;Fijian;Standard;true
926;Chad Mclaughlin;MALE;18;Brazilian;Gold;true
927;Edwin Hickman;MALE;85;Polish;Standard;true
928;Rebecca Russo;FEMALE;58;Tunisian;Bronze;false
929;Hailey Green;FEMALE;54;Ethiopian;Gold;false
930;Ariel Maldonado;FEMALE;51;Vietnamese;Platinum;false
931;Joan Davis;FEMALE;12;Serbian;Silver;false
932;Donald Vance;MALE;43;Slovak;Platinum;true
933;Joshua Gates;MALE;14;Estonian;Bronze;true
934;Gabriel Mitchell;MALE;91;Argentinian;Bronze;false
935;Michael Moran;MALE;114;Zambian;Silver;true
936;Scott Norton;MALE;116;Argentinian;Platinum;true
937;Connie Hall;FEMALE;111;Tunisian;Standard;false
938;Steven Jackson;MALE;41;Japanese;Gold;true
939;Steven Mason;MALE;75;Emirati;Gold;true
940;Ashley Snyder;FEMALE;54;Serbian;Silver;true
941;Michael Smith;MALE;76;Belgian;Bronze;true
942;Jessica Thompson;FEMALE;10;Turkish;Silver;false
943;Christine Munoz;FEMALE;61;Mozambican;Standard;true
944;Susan Pollard;FEMALE;102;Hungarian;Silver;true
945;Hailey Lam;FEMALE;54;Malawian;Silver;true
946;Melissa Hernandez;FEMALE;16;Nigerian;Gold;true
947;Leonard Jones;MALE;59;Costa Rican;Platinum;false
948;Sarah Cox;FEMALE;107;Tanzanian;Platinum;true
949;Andrew Salazar;MALE;32;Filipino;Bronze;true
950;Daniel Dickerson;MALE;107;Polish;Platinum;true
951;Michael Hamilton;MALE;30;Welsh;Bronze;true
952;Ruth Giles;FEMALE;38;Italian;Bronze;false
953;Terri Brown;FEMALE;116;Malaysian;Standard;true
954;Lisa Elliott;FEMALE;88;Peruvian;Gold;true
955;David Ellis;MALE;116;Uruguayan;Standard;false
956;Kenneth Ford;MALE;40;Paraguayan;Gold;true
957;Ariel Beltran;FEMALE;51;Slovak;Bronze;false
958;Michael Torres;MALE;112;Serbian;Gold;true
959;Noah Delgado;MALE;82;Palestinian;Bronze;true
960;Bradley Griffith;MALE;105;Mauritian;Platinum;true
961;Stephen Brooks;MALE;63;Egyptian;Silver;true
962;Bruce Santos;MALE;68;Saudi Arabian;Bronze;false
963;Patricia Faulkner;FEMALE;13;Vietnamese;Silver;true
964;Dawn Cooley;FEMALE;18;Estonian;Gold;true
965;Michael Clark;MALE;76;Bahamian;Silver;true
966;Tony Hicks;MALE;25;Australian;Bronze;false
967;Daniel Barrett;MALE;83;Serbian;Bronze;false
968;Danny Thornton;MALE;105;Greek;Platinum;false
969;Taylor Hester;FEMALE;115;Trinidadian;Platinum;true
970;James Garcia;MALE;68;Uruguayan;Silver;true
971;Gina Lynch;FEMALE;108;Ivorian;Standard;false
972;Zachary Diaz;MALE;87;Emirati;Gold;true
973;Adam Robbins;MALE;111;Russian;Silver;false
974;Julie Carter;FEMALE;92;Egyptian;Silver;true
975;John Lambert;MALE;99;South African;Standard;false
976;Jacob Aguilar;MALE;20;Singaporean;Silver;false
977;Edward Rojas;MALE;25;Omani;Platinum;false
978;Nicholas Knight;MALE;22;Algerian;Gold;false
979;Rachel Martinez;FEMALE;11;Bhutanese;Standard;true
980;Christian Johnson;MALE;17;Swedish;Bronze;false
981;Samuel Perez;MALE;82;Turkish;Gold;true
982;Joshua Rios;MALE;34;British;Platinum;true
983;Robert Butler;MALE;35;Polish;Gold;true
984;Leon Alvarez;MALE;64;Indonesian;Gold;true
985;Sarah Munoz;FEMALE;11;Swiss;Silver;true
986;Alexander Velez;MALE;75;British;Silver;false
987;Matthew Booker;MALE;107;Ugandan;Silver;false
988;Cynthia Allen;FEMALE;25;German;Gold;true
989;William Gross;MALE;82;Brazilian;Gold;false
990;Jose Chen;MALE;20;Malawian;Standard;true
991;Peter Moreno;MALE;116;Nigerian;Platinum;false
992;Lindsey Cruz;FEMALE;24;Kenyan;Standard;true
993;Robert Palmer;MALE;46;South African;Gold;false
994;Cheryl Allen;FEMALE;29;Sudanese;Platinum;false
995;Cameron Rogers;MALE;21;Chinese;Platinum;false
996;Michael Barker;MALE;12;Czech;Standard;true
997;Douglas Shea;MALE;120;Australian;Standard;false
998;Joseph Lopez;MALE;45;Dutch;Platinum;true
999;Alicia Maxwell;FEMALE;75;Kuwaiti;Platinum;false
