0;VISA;HKD;PENDING
1;PAYPAL;KRW;CANCELLED
2;CASH;CAD;ACCEPTED
3;PAYPAL;SEK;CANCELLED
4;BANK;SGD;CANCELLED
5;CASH;THB;CANCELLED
6;VISA;CZK;ACCEPTED
7;VISA;MYR;PENDING
8;VISA;KRW;ACCEPTED
9;VISA;NZD;ACCEPTED
10;CASH;SEK;PENDING
11;PAYPAL;DKK;ACCEPTED
12;CASH;HKD;ACCEPTED
13;BANK;THB;PENDING
14;VISA;SEK;CANCELLED
15;CASH;NZD;CANCELLED
16;BANK;PLN;ACCEPTED
17;BANK;AUD;CANCELLED
18;VISA;RUB;PENDING
19;BANK;MYR;CANCELLED
20;VISA;SAR;CANCELLED
21;VISA;MYR;PENDING
22;CASH;MXN;CANCELLED
23;CASH;CAD;PENDING
24;VISA;GBP;PENDING
25;PAYPAL;SAR;PENDING
26;BANK;ARS;CANCELLED
27;CASH;BRL;PENDING
28;PAYPAL;ZAR;ACCEPTED
29;PAYPAL;CZK;ACCEPTED
30;VISA;CAD;ACCEPTED
31;VISA;INR;PENDING
32;VISA;AUD;PENDING
33;BANK;NGN;CANCELLED
34;CASH;CNY;CANCELLED
35;PAYPAL;NOK;ACCEPTED
36;VISA;AED;CANCELLED
37;PAYPAL;PKR;CANCELLED
38;VISA;KRW;CANCELLED
39;VISA;NGN;ACCEPTED
40;PAYPAL;CAD;PENDING
41;BANK;EGP;PENDING
42;PAYPAL;KRW;CANCELLED
43;VISA;NOK;ACCEPTED
44;VISA;HUF;ACCEPTED
45;PAYPAL;AUD;ACCEPTED
46;VISA;SAR;CANCELLED
47;VISA;SEK;ACCEPTED
48;VISA;RON;CANCELLED
49;VISA;PHP;CANCELLED
50;PAYPAL;GBP;ACCEPTED
51;CASH;GBP;ACCEPTED
52;BANK;KRW;ACCEPTED
53;CASH;ZAR;ACCEPTED
54;PAYPAL;IDR;PENDING
55;VISA;EUR;ACCEPTED
56;BANK;RON;PENDING
57;CASH;MXN;ACCEPTED
58;CASH;CLP;ACCEPTED
59;VISA;COP;PENDING
60;CASH;HUF;PENDING
61;BANK;GBP;ACCEPTED
62;BANK;SGD;ACCEPTED
63;CASH;MYR;ACCEPTED
64;BANK;PLN;PENDING
65;VISA;AUD;PENDING
66;CASH;JPY;CANCELLED
67;PAYPAL;IDR;ACCEPTED
68;PAYPAL;SAR;CANCELLED
69;PAYPAL;JPY;ACCEPTED
70;PAYPAL;SGD;PENDING
71;BANK;ARS;PENDING
72;CASH;HKD;CANCELLED
73;BANK;AUD;ACCEPTED
74;BANK;AUD;ACCEPTED
75;PAYPAL;AED;PENDING
76;CASH;RON;PENDING
77;CASH;SEK;PENDING
78;VISA;INR;CANCELLED
79;BANK;EGP;ACCEPTED
80;VISA;EGP;ACCEPTED
81;BANK;SAR;CANCELLED
82;BANK;CNY;CANCELLED
83;VISA;INR;PENDING
84;BANK;AED;PENDING
85;CASH;EUR;CANCELLED
86;BANK;NGN;ACCEPTED
87;CASH;CAD;CANCELLED
88;CASH;AED;CANCELLED
89;VISA;CZK;PENDING
90;VISA;IDR;CANCELLED
91;PAYPAL;CAD;PENDING
92;VISA;NGN;ACCEPTED
93;CASH;NZD;ACCEPTED
94;CASH;THB;PENDING
95;BANK;CHF;PENDING
96;BANK;NGN;ACCEPTED
97;PAYPAL;CLP;ACCEPTED
98;PAYPAL;BRL;CANCELLED
99;BANK;PKR;ACCEPTED
100;PAYPAL;EUR;PENDING
101;VISA;EGP;PENDING
102;PAYPAL;SEK;CANCELLED
103;VISA;CHF;ACCEPTED
104;PAYPAL;KRW;ACCEPTED
105;CASH;SGD;PENDING
106;VISA;SAR;PENDING
107;BANK;NZD;PENDING
108;VISA;DKK;ACCEPTED
109;PAYPAL;CLP;ACCEPTED
110;BANK;BDT;PENDING
111;BANK;NGN;ACCEPTED
112;BANK;AED;PENDING
113;BANK;RON;CANCELLED
114;VISA;TRY;CANCELLED
115;CASH;RUB;ACCEPTED
116;VISA;MXN;CANCELLED
117;VISA;BRL;ACCEPTED
118;VISA;PLN;CANCELLED
119;VISA;BRL;CANCELLED
120;CASH;AED;PENDING
121;CASH;EGP;PENDING
122;CASH;EUR;CANCELLED
123;CASH;PHP;ACCEPTED
124;CASH;AED;PENDING
125;VISA;CNY;PENDING
126;CASH;JPY;PENDING
127;VISA;SAR;ACCEPTED
128;VISA;PLN;CANCELLED
129;BANK;SGD;PENDING
130;PAYPAL;RON;PENDING
131;VISA;HUF;PENDING
132;VISA;BRL;CANCELLED
133;PAYPAL;MXN;ACCEPTED
134;VISA;RUB;CANCELLED
135;CASH;KRW;ACCEPTED
136;CASH;EGP;PENDING
137;BANK;NGN;ACCEPTED
138;BANK;BDT;PENDING
139;VISA;HKD;PENDING
140;PAYPAL;PKR;CANCELLED
141;VISA;CAD;PENDING
142;BANK;ZAR;CANCELLED
143;PAYPAL;EGP;CANCELLED
144;PAYPAL;MXN;CANCELLED
145;VISA;MYR;ACCEPTED
146;BANK;AED;PENDING
147;BANK;USD;CANCELLED
148;PAYPAL;NZD;CANCELLED
149;PAYPAL;USD;CANCELLED
150;PAYPAL;NGN;CANCELLED
151;VISA;PLN;ACCEPTED
152;PAYPAL;ARS;ACCEPTED
153;CASH;MXN;ACCEPTED
154;VISA;CHF;ACCEPTED
155;PAYPAL;CNY;CANCELLED
156;VISA;USD;ACCEPTED
157;VISA;BDT;PENDING
158;CASH;NOK;ACCEPTED
159;PAYPAL;NGN;PENDING
160;PAYPAL;RUB;ACCEPTED
161;VISA;INR;PENDING
162;BANK;CZK;CANCELLED
163;PAYPAL;SAR;ACCEPTED
164;CASH;THB;ACCEPTED
165;CASH;DKK;ACCEPTED
166;BANK;CZK;PENDING
167;BANK;MYR;PENDING
168;CASH;SEK;PENDING
169;VISA;THB;ACCEPTED
170;VISA;CZK;PENDING
171;PAYPAL;BRL;PENDING
172;PAYPAL;HKD;CANCELLED
173;CASH;CZK;CANCELLED
174;CASH;HKD;PENDING
175;PAYPAL;CLP;CANCELLED
176;PAYPAL;ARS;ACCEPTED
177;VISA;HUF;PENDING
178;CASH;CAD;ACCEPTED
179;BANK;MYR;PENDING
180;PAYPAL;EGP;CANCELLED
181;VISA;GBP;ACCEPTED
182;VISA;ZAR;PENDING
183;CASH;PLN;CANCELLED
184;CASH;RON;PENDING
185;PAYPAL;SGD;CANCELLED
186;CASH;PLN;ACCEPTED
187;CASH;MXN;CANCELLED
188;BANK;BRL;CANCELLED
189;BANK;NOK;PENDING
190;VISA;BDT;CANCELLED
191;CASH;BDT;PENDING
192;CASH;CHF;CANCELLED
193;VISA;PLN;ACCEPTED
194;BANK;GBP;PENDING
195;PAYPAL;GBP;ACCEPTED
196;PAYPAL;BDT;ACCEPTED
197;CASH;SAR;CANCELLED
198;PAYPAL;PLN;ACCEPTED
199;BANK;DKK;CANCELLED
200;PAYPAL;HUF;PENDING
201;VISA;NOK;ACCEPTED
202;BANK;HKD;ACCEPTED
203;PAYPAL;PKR;ACCEPTED
204;BANK;NZD;PENDING
205;VISA;NOK;ACCEPTED
206;VISA;RUB;CANCELLED
207;VISA;CZK;PENDING
208;VISA;NZD;PENDING
209;CASH;EUR;CANCELLED
210;CASH;EGP;CANCELLED
211;CASH;RUB;PENDING
212;PAYPAL;CHF;CANCELLED
213;PAYPAL;CAD;CANCELLED
214;BANK;BDT;CANCELLED
215;CASH;BDT;CANCELLED
216;CASH;SAR;PENDING
217;BANK;CHF;PENDING
218;BANK;USD;ACCEPTED
219;PAYPAL;CZK;ACCEPTED
220;PAYPAL;ARS;CANCELLED
221;PAYPAL;CAD;ACCEPTED
222;CASH;RON;PENDING
223;PAYPAL;TRY;ACCEPTED
224;CASH;AED;ACCEPTED
225;BANK;SGD;ACCEPTED
226;BANK;PHP;CANCELLED
227;VISA;ARS;CANCELLED
228;VISA;NOK;ACCEPTED
229;VISA;ZAR;ACCEPTED
230;BANK;CNY;PENDING
231;BANK;AED;ACCEPTED
232;BANK;DKK;PENDING
233;PAYPAL;ZAR;PENDING
234;CASH;DKK;CANCELLED
235;CASH;PKR;PENDING
236;PAYPAL;TRY;ACCEPTED
237;VISA;GBP;PENDING
238;BANK;COP;PENDING
239;BANK;ARS;ACCEPTED
240;CASH;MXN;PENDING
241;VISA;CNY;ACCEPTED
242;BANK;RUB;CANCELLED
243;CASH;EUR;ACCEPTED
244;VISA;IDR;PENDING
245;PAYPAL;TRY;PENDING
246;BANK;SAR;ACCEPTED
247;BANK;PHP;ACCEPTED
248;CASH;CNY;ACCEPTED
249;BANK;HUF;PENDING
250;CASH;USD;PENDING
251;VISA;PLN;CANCELLED
252;VISA;COP;CANCELLED
253;VISA;BDT;PENDING
254;BANK;AUD;ACCEPTED
255;BANK;DKK;CANCELLED
256;VISA;MYR;PENDING
257;PAYPAL;BDT;PENDING
258;BANK;USD;PENDING
259;VISA;SEK;CANCELLED
260;BANK;IDR;ACCEPTED
261;CASH;THB;CANCELLED
262;BANK;THB;ACCEPTED
263;CASH;PHP;PENDING
264;PAYPAL;PKR;CANCELLED
265;BANK;RUB;CANCELLED
266;CASH;SAR;CANCELLED
267;BANK;BDT;ACCEPTED
268;PAYPAL;BRL;PENDING
269;BANK;THB;CANCELLED
270;PAYPAL;PKR;CANCELLED
271;BANK;HUF;CANCELLED
272;PAYPAL;JPY;CANCELLED
273;CASH;ZAR;ACCEPTED
274;CASH;AED;CANCELLED
275;CASH;SAR;PENDING
276;BANK;CHF;ACCEPTED
277;PAYPAL;GBP;CANCELLED
278;PAYPAL;EGP;CANCELLED
279;PAYPAL;INR;ACCEPTED
280;PAYPAL;EUR;PENDING
281;CASH;TRY;CANCELLED
282;PAYPAL;ARS;PENDING
283;PAYPAL;NZD;ACCEPTED
284;PAYPAL;PKR;CANCELLED
285;VISA;CHF;PENDING
286;VISA;CZK;CANCELLED
287;CASH;BDT;ACCEPTED
288;BANK;SGD;ACCEPTED
289;VISA;NOK;ACCEPTED
290;VISA;CZK;ACCEPTED
291;PAYPAL;RUB;CANCELLED
292;PAYPAL;AUD;ACCEPTED
293;CASH;NGN;CANCELLED
294;BANK;RUB;ACCEPTED
295;CASH;CZK;ACCEPTED
296;BANK;THB;PENDING
297;VISA;SGD;CANCELLED
298;BANK;SEK;PENDING
299;VISA;CHF;CANCELLED
300;BANK;ARS;PENDING
301;PAYPAL;BDT;PENDING
302;CASH;CNY;ACCEPTED
303;CASH;THB;CANCELLED
304;BANK;NZD;PENDING
305;CASH;IDR;CANCELLED
306;BANK;ARS;CANCELLED
307;BANK;HKD;PENDING
308;BANK;HKD;CANCELLED
309;BANK;USD;CANCELLED
310;CASH;IDR;ACCEPTED
311;CASH;PHP;ACCEPTED
312;PAYPAL;CLP;ACCEPTED
313;BANK;BRL;PENDING
314;PAYPAL;RUB;CANCELLED
315;PAYPAL;MYR;CANCELLED
316;VISA;SAR;PENDING
317;PAYPAL;MXN;PENDING
318;VISA;AUD;PENDING
319;CASH;USD;CANCELLED
320;PAYPAL;SAR;ACCEPTED
321;CASH;MXN;CANCELLED
322;VISA;THB;PENDING
323;BANK;CZK;CANCELLED
324;PAYPAL;SGD;PENDING
325;BANK;PKR;PENDING
326;PAYPAL;NOK;ACCEPTED
327;VISA;CHF;PENDING
328;CASH;NOK;CANCELLED
329;VISA;CZK;ACCEPTED
330;PAYPAL;HKD;ACCEPTED
331;BANK;CZK;PENDING
332;PAYPAL;CNY;PENDING
333;CASH;BDT;ACCEPTED
334;CASH;NOK;CANCELLED
335;BANK;NZD;PENDING
336;BANK;NOK;CANCELLED
337;BANK;PKR;ACCEPTED
338;PAYPAL;SAR;PENDING
339;VISA;BRL;CANCELLED
340;CASH;BDT;ACCEPTED
341;PAYPAL;EGP;CANCELLED
342;BANK;CHF;CANCELLED
343;PAYPAL;HUF;CANCELLED
344;BANK;BDT;CANCELLED
345;PAYPAL;ARS;PENDING
346;VISA;GBP;ACCEPTED
347;VISA;PHP;PENDING
348;PAYPAL;HKD;CANCELLED
349;BANK;USD;ACCEPTED
350;PAYPAL;PLN;CANCELLED
351;CASH;ZAR;PENDING
352;VISA;PHP;CANCELLED
353;CASH;NZD;CANCELLED
354;VISA;BDT;CANCELLED
355;VISA;HKD;ACCEPTED
356;PAYPAL;CAD;CANCELLED
357;CASH;CNY;ACCEPTED
358;PAYPAL;NOK;ACCEPTED
359;VISA;DKK;CANCELLED
360;BANK;COP;PENDING
361;BANK;EUR;CANCELLED
362;PAYPAL;NZD;ACCEPTED
363;PAYPAL;ARS;CANCELLED
364;PAYPAL;CZK;ACCEPTED
365;PAYPAL;EUR;CANCELLED
366;VISA;AED;PENDING
367;PAYPAL;CNY;ACCEPTED
368;CASH;SEK;CANCELLED
369;BANK;NGN;PENDING
370;VISA;CHF;CANCELLED
371;BANK;MYR;ACCEPTED
372;PAYPAL;NZD;CANCELLED
373;VISA;DKK;PENDING
374;PAYPAL;DKK;PENDING
375;PAYPAL;CZK;CANCELLED
376;CASH;SEK;CANCELLED
377;VISA;RUB;ACCEPTED
378;PAYPAL;NGN;PENDING
379;VISA;SEK;CANCELLED
380;CASH;USD;PENDING
381;PAYPAL;SGD;PENDING
382;VISA;NZD;ACCEPTED
383;BANK;THB;ACCEPTED
384;BANK;NGN;PENDING
385;PAYPAL;MYR;CANCELLED
386;PAYPAL;ZAR;CANCELLED
387;CASH;IDR;CANCELLED
388;BANK;NOK;ACCEPTED
389;BANK;USD;PENDING
390;PAYPAL;PHP;CANCELLED
391;PAYPAL;ARS;CANCELLED
392;PAYPAL;DKK;ACCEPTED
393;CASH;HKD;PENDING
394;BANK;BRL;CANCELLED
395;CASH;KRW;PENDING
396;PAYPAL;EGP;PENDING
397;PAYPAL;CNY;PENDING
398;PAYPAL;INR;CANCELLED
399;PAYPAL;PKR;CANCELLED
400;CASH;AUD;ACCEPTED
401;BANK;DKK;CANCELLED
402;CASH;KRW;PENDING
403;BANK;EGP;CANCELLED
404;CASH;MYR;ACCEPTED
405;CASH;KRW;CANCELLED
406;CASH;NOK;CANCELLED
407;PAYPAL;SAR;PENDING
408;VISA;PLN;ACCEPTED
409;PAYPAL;PHP;CANCELLED
410;PAYPAL;IDR;CANCELLED
411;VISA;SGD;ACCEPTED
412;PAYPAL;ARS;ACCEPTED
413;BANK;PLN;CANCELLED
414;BANK;USD;CANCELLED
415;PAYPAL;GBP;ACCEPTED
416;CASH;MYR;ACCEPTED
417;BANK;RUB;PENDING
418;VISA;MXN;PENDING
419;PAYPAL;SEK;PENDING
420;PAYPAL;AUD;CANCELLED
421;CASH;ARS;CANCELLED
422;BANK;PKR;ACCEPTED
423;BANK;COP;CANCELLED
424;BANK;NOK;CANCELLED
425;BANK;INR;ACCEPTED
426;VISA;THB;PENDING
427;PAYPAL;EUR;PENDING
428;CASH;COP;ACCEPTED
429;CASH;HKD;CANCELLED
430;CASH;BDT;ACCEPTED
431;VISA;IDR;ACCEPTED
432;VISA;CAD;PENDING
433;PAYPAL;RUB;CANCELLED
434;PAYPAL;RON;PENDING
435;PAYPAL;MXN;CANCELLED
436;PAYPAL;GBP;CANCELLED
437;BANK;SEK;ACCEPTED
438;CASH;HUF;ACCEPTED
439;CASH;NGN;CANCELLED
440;PAYPAL;HKD;CANCELLED
441;BANK;INR;CANCELLED
442;PAYPAL;PLN;PENDING
443;BANK;RUB;CANCELLED
444;BANK;NZD;ACCEPTED
445;CASH;INR;ACCEPTED
446;VISA;AUD;CANCELLED
447;PAYPAL;RUB;CANCELLED
448;PAYPAL;MXN;PENDING
449;CASH;RUB;PENDING
450;VISA;CNY;CANCELLED
451;PAYPAL;JPY;PENDING
452;CASH;INR;ACCEPTED
453;BANK;AED;PENDING
454;VISA;ARS;PENDING
455;PAYPAL;CNY;PENDING
456;VISA;GBP;PENDING
457;PAYPAL;CNY;ACCEPTED
458;BANK;BRL;CANCELLED
459;VISA;HUF;CANCELLED
460;BANK;NGN;ACCEPTED
461;BANK;CNY;PENDING
462;VISA;INR;PENDING
463;CASH;PHP;PENDING
464;BANK;CHF;PENDING
465;BANK;EGP;CANCELLED
466;CASH;PHP;ACCEPTED
467;PAYPAL;NOK;PENDING
468;PAYPAL;HKD;ACCEPTED
469;VISA;PLN;PENDING
470;VISA;SEK;ACCEPTED
471;VISA;SGD;CANCELLED
472;CASH;MXN;PENDING
473;BANK;AED;CANCELLED
474;CASH;HKD;CANCELLED
475;VISA;CHF;ACCEPTED
476;VISA;USD;ACCEPTED
477;PAYPAL;PLN;PENDING
478;CASH;CHF;PENDING
479;VISA;MXN;PENDING
480;CASH;CZK;CANCELLED
481;BANK;DKK;PENDING
482;PAYPAL;HUF;CANCELLED
483;BANK;TRY;PENDING
484;CASH;CNY;PENDING
485;BANK;PKR;PENDING
486;VISA;SAR;PENDING
487;BANK;RON;PENDING
488;PAYPAL;SAR;PENDING
489;PAYPAL;CNY;ACCEPTED
490;PAYPAL;PHP;PENDING
491;BANK;NOK;CANCELLED
492;BANK;IDR;CANCELLED
493;VISA;TRY;CANCELLED
494;VISA;HKD;ACCEPTED
495;BANK;SEK;PENDING
496;CASH;ARS;PENDING
497;CASH;AED;PENDING
498;PAYPAL;CLP;PENDING
499;CASH;INR;ACCEPTED
500;CASH;ARS;PENDING
501;PAYPAL;KRW;ACCEPTED
502;CASH;SEK;ACCEPTED
503;VISA;BDT;ACCEPTED
504;BANK;AED;CANCELLED
505;CASH;CZK;CANCELLED
506;CASH;THB;CANCELLED
507;BANK;SAR;CANCELLED
508;VISA;NOK;ACCEPTED
509;CASH;DKK;CANCELLED
510;VISA;COP;CANCELLED
511;BANK;HUF;PENDING
512;VISA;IDR;ACCEPTED
513;CASH;EUR;CANCELLED
514;VISA;DKK;ACCEPTED
515;PAYPAL;AED;ACCEPTED
516;CASH;DKK;PENDING
517;PAYPAL;GBP;CANCELLED
518;BANK;HUF;CANCELLED
519;PAYPAL;IDR;CANCELLED
520;BANK;PLN;CANCELLED
521;PAYPAL;BRL;ACCEPTED
522;PAYPAL;PLN;PENDING
523;PAYPAL;EUR;PENDING
524;VISA;CLP;PENDING
525;PAYPAL;CZK;CANCELLED
526;VISA;ARS;CANCELLED
527;VISA;USD;PENDING
528;PAYPAL;CZK;CANCELLED
529;VISA;COP;PENDING
530;PAYPAL;BDT;CANCELLED
531;BANK;CHF;ACCEPTED
532;BANK;RON;CANCELLED
533;PAYPAL;SAR;CANCELLED
534;CASH;GBP;PENDING
535;CASH;MYR;PENDING
536;CASH;PLN;PENDING
537;BANK;NZD;CANCELLED
538;CASH;HKD;PENDING
539;BANK;THB;PENDING
540;VISA;CAD;ACCEPTED
541;CASH;KRW;ACCEPTED
542;VISA;PHP;PENDING
543;BANK;MYR;CANCELLED
544;CASH;EGP;CANCELLED
545;VISA;NGN;PENDING
546;VISA;CHF;CANCELLED
547;VISA;PKR;ACCEPTED
548;BANK;KRW;ACCEPTED
549;BANK;ARS;PENDING
550;PAYPAL;NOK;PENDING
551;VISA;CHF;CANCELLED
552;VISA;PHP;ACCEPTED
553;VISA;USD;PENDING
554;BANK;SEK;ACCEPTED
555;PAYPAL;TRY;ACCEPTED
556;BANK;JPY;ACCEPTED
557;VISA;MYR;CANCELLED
558;BANK;PHP;CANCELLED
559;BANK;CZK;CANCELLED
560;PAYPAL;NGN;CANCELLED
561;BANK;CNY;CANCELLED
562;PAYPAL;NGN;CANCELLED
563;VISA;PLN;PENDING
564;PAYPAL;TRY;PENDING
565;CASH;KRW;CANCELLED
566;PAYPAL;ARS;ACCEPTED
567;BANK;AED;ACCEPTED
568;PAYPAL;NGN;CANCELLED
569;BANK;AUD;PENDING
570;VISA;CLP;CANCELLED
571;VISA;INR;ACCEPTED
572;VISA;BRL;ACCEPTED
573;CASH;TRY;PENDING
574;PAYPAL;MYR;CANCELLED
575;VISA;NOK;CANCELLED
576;CASH;CHF;PENDING
577;VISA;SAR;CANCELLED
578;PAYPAL;MXN;CANCELLED
579;CASH;AUD;CANCELLED
580;BANK;IDR;CANCELLED
581;CASH;AED;ACCEPTED
582;VISA;KRW;PENDING
583;PAYPAL;PHP;ACCEPTED
584;PAYPAL;THB;CANCELLED
585;VISA;MYR;ACCEPTED
586;VISA;CLP;PENDING
587;VISA;ZAR;CANCELLED
588;VISA;AUD;CANCELLED
589;BANK;RUB;ACCEPTED
590;VISA;THB;CANCELLED
591;CASH;PHP;CANCELLED
592;CASH;EUR;ACCEPTED
593;BANK;TRY;CANCELLED
594;CASH;AUD;PENDING
595;PAYPAL;KRW;CANCELLED
596;CASH;HKD;CANCELLED
597;CASH;PHP;PENDING
598;VISA;THB;ACCEPTED
599;PAYPAL;TRY;PENDING
600;BANK;RUB;ACCEPTED
601;VISA;AED;CANCELLED
602;VISA;RON;PENDING
603;PAYPAL;BRL;CANCELLED
604;BANK;AUD;PENDING
605;CASH;USD;ACCEPTED
606;BANK;INR;PENDING
607;PAYPAL;PHP;PENDING
608;BANK;ARS;ACCEPTED
609;CASH;CZK;ACCEPTED
610;BANK;TRY;CANCELLED
611;VISA;USD;CANCELLED
612;PAYPAL;COP;ACCEPTED
613;BANK;PKR;PENDING
614;VISA;BDT;CANCELLED
615;BANK;SGD;PENDING
616;PAYPAL;KRW;PENDING
617;BANK;EGP;CANCELLED
618;CASH;PLN;CANCELLED
619;PAYPAL;PKR;PENDING
620;PAYPAL;CAD;ACCEPTED
621;VISA;PKR;CANCELLED
622;CASH;DKK;PENDING
623;BANK;AED;ACCEPTED
624;VISA;EUR;ACCEPTED
625;BANK;IDR;ACCEPTED
626;VISA;INR;ACCEPTED
627;CASH;TRY;CANCELLED
628;CASH;KRW;ACCEPTED
629;PAYPAL;NZD;ACCEPTED
630;CASH;JPY;ACCEPTED
631;VISA;CZK;PENDING
632;PAYPAL;NGN;CANCELLED
633;PAYPAL;HKD;PENDING
634;VISA;CAD;PENDING
635;VISA;AUD;CANCELLED
636;PAYPAL;IDR;PENDING
637;CASH;IDR;CANCELLED
638;BANK;EGP;CANCELLED
639;BANK;MYR;CANCELLED
640;PAYPAL;GBP;CANCELLED
641;PAYPAL;MYR;PENDING
642;BANK;ARS;PENDING
643;CASH;SGD;PENDING
644;BANK;IDR;ACCEPTED
645;PAYPAL;CNY;PENDING
646;CASH;CZK;ACCEPTED
647;VISA;CNY;CANCELLED
648;VISA;RON;ACCEPTED
649;BANK;DKK;CANCELLED
650;CASH;BRL;ACCEPTED
651;CASH;PLN;PENDING
652;CASH;HUF;CANCELLED
653;BANK;CHF;PENDING
654;PAYPAL;BRL;ACCEPTED
655;PAYPAL;TRY;CANCELLED
656;BANK;PHP;ACCEPTED
657;BANK;USD;PENDING
658;PAYPAL;SAR;PENDING
659;CASH;GBP;PENDING
660;PAYPAL;HKD;CANCELLED
661;PAYPAL;INR;PENDING
662;VISA;SAR;CANCELLED
663;PAYPAL;INR;CANCELLED
664;VISA;SEK;ACCEPTED
665;CASH;COP;CANCELLED
666;CASH;CLP;PENDING
667;CASH;NOK;ACCEPTED
668;PAYPAL;NGN;CANCELLED
669;PAYPAL;BRL;PENDING
670;VISA;CAD;CANCELLED
671;BANK;EUR;ACCEPTED
672;PAYPAL;MYR;PENDING
673;CASH;RUB;ACCEPTED
674;VISA;PKR;PENDING
675;VISA;TRY;CANCELLED
676;PAYPAL;SGD;ACCEPTED
677;CASH;TRY;PENDING
678;PAYPAL;INR;CANCELLED
679;BANK;MYR;PENDING
680;PAYPAL;DKK;ACCEPTED
681;VISA;SAR;CANCELLED
682;BANK;EUR;ACCEPTED
683;PAYPAL;BRL;CANCELLED
684;VISA;NZD;CANCELLED
685;VISA;ZAR;CANCELLED
686;PAYPAL;SAR;PENDING
687;VISA;ZAR;ACCEPTED
688;VISA;INR;ACCEPTED
689;PAYPAL;CAD;CANCELLED
690;BANK;CNY;PENDING
691;VISA;RON;ACCEPTED
692;PAYPAL;IDR;CANCELLED
693;PAYPAL;MYR;CANCELLED
694;VISA;AUD;ACCEPTED
695;VISA;PKR;CANCELLED
696;BANK;MYR;CANCELLED
697;VISA;COP;ACCEPTED
698;PAYPAL;USD;ACCEPTED
699;PAYPAL;ZAR;PENDING
700;BANK;IDR;PENDING
701;VISA;MYR;ACCEPTED
702;CASH;CNY;PENDING
703;PAYPAL;MXN;ACCEPTED
704;BANK;KRW;PENDING
705;PAYPAL;CHF;CANCELLED
706;VISA;KRW;PENDING
707;PAYPAL;CLP;CANCELLED
708;BANK;ARS;ACCEPTED
709;CASH;ARS;ACCEPTED
710;CASH;AUD;PENDING
711;BANK;EUR;CANCELLED
712;CASH;ARS;PENDING
713;BANK;RON;ACCEPTED
714;BANK;EGP;ACCEPTED
715;CASH;NOK;ACCEPTED
716;VISA;SGD;ACCEPTED
717;VISA;ZAR;ACCEPTED
718;PAYPAL;SGD;ACCEPTED
719;PAYPAL;EUR;CANCELLED
720;PAYPAL;MYR;PENDING
721;CASH;INR;CANCELLED
722;BANK;KRW;CANCELLED
723;CASH;MYR;CANCELLED
724;PAYPAL;IDR;CANCELLED
725;PAYPAL;CAD;PENDING
726;CASH;IDR;CANCELLED
727;VISA;PLN;PENDING
728;CASH;CAD;PENDING
729;CASH;SGD;PENDING
730;VISA;HKD;ACCEPTED
731;PAYPAL;NGN;PENDING
732;BANK;GBP;CANCELLED
733;VISA;MXN;ACCEPTED
734;VISA;CHF;PENDING
735;CASH;ARS;PENDING
736;VISA;SEK;ACCEPTED
737;PAYPAL;BRL;ACCEPTED
738;VISA;EGP;ACCEPTED
739;PAYPAL;MXN;CANCELLED
740;PAYPAL;PKR;PENDING
741;VISA;CHF;ACCEPTED
742;VISA;RON;CANCELLED
743;BANK;RUB;PENDING
744;BANK;ZAR;ACCEPTED
745;CASH;HUF;PENDING
746;CASH;CAD;PENDING
747;CASH;AED;PENDING
748;VISA;CZK;PENDING
749;CASH;EUR;PENDING
750;PAYPAL;THB;CANCELLED
751;CASH;ZAR;ACCEPTED
752;CASH;TRY;CANCELLED
753;CASH;CNY;CANCELLED
754;BANK;PKR;CANCELLED
755;CASH;AED;ACCEPTED
756;BANK;CZK;PENDING
757;BANK;SGD;ACCEPTED
758;CASH;CAD;PENDING
759;BANK;TRY;PENDING
760;CASH;SAR;PENDING
761;BANK;NGN;CANCELLED
762;PAYPAL;AED;ACCEPTED
763;VISA;EUR;ACCEPTED
764;BANK;CAD;PENDING
765;BANK;ARS;CANCELLED
766;BANK;MYR;CANCELLED
767;PAYPAL;AED;CANCELLED
768;CASH;TRY;ACCEPTED
769;VISA;AUD;PENDING
770;CASH;BRL;CANCELLED
771;BANK;RUB;CANCELLED
772;PAYPAL;EUR;CANCELLED
773;BANK;NZD;CANCELLED
774;PAYPAL;SEK;PENDING
775;PAYPAL;THB;PENDING
776;CASH;SGD;CANCELLED
777;PAYPAL;COP;ACCEPTED
778;VISA;SEK;CANCELLED
779;VISA;CAD;CANCELLED
780;CASH;KRW;PENDING
781;BANK;JPY;PENDING
782;PAYPAL;CHF;CANCELLED
783;PAYPAL;TRY;ACCEPTED
784;CASH;BRL;PENDING
785;CASH;SAR;ACCEPTED
786;VISA;AUD;ACCEPTED
787;PAYPAL;PLN;PENDING
788;PAYPAL;CHF;CANCELLED
789;PAYPAL;HUF;CANCELLED
790;VISA;SEK;CANCELLED
791;VISA;EUR;ACCEPTED
792;PAYPAL;NOK;CANCELLED
793;BANK;IDR;CANCELLED
794;BANK;CZK;PENDING
795;VISA;PLN;CANCELLED
796;BANK;BDT;ACCEPTED
797;BANK;HUF;ACCEPTED
798;CASH;HUF;ACCEPTED
799;VISA;SAR;CANCELLED
800;CASH;CNY;PENDING
801;CASH;COP;PENDING
802;CASH;MYR;PENDING
803;BANK;CZK;CANCELLED
804;PAYPAL;JPY;PENDING
805;VISA;SGD;PENDING
806;BANK;RUB;PENDING
807;PAYPAL;BRL;ACCEPTED
808;VISA;EGP;ACCEPTED
809;CASH;PHP;ACCEPTED
810;CASH;HUF;PENDING
811;VISA;NOK;PENDING
812;BANK;BDT;ACCEPTED
813;CASH;COP;CANCELLED
814;PAYPAL;RUB;ACCEPTED
815;PAYPAL;COP;CANCELLED
816;VISA;TRY;CANCELLED
817;CASH;CZK;PENDING
818;BANK;USD;ACCEPTED
819;VISA;SAR;ACCEPTED
820;PAYPAL;HUF;CANCELLED
821;PAYPAL;BRL;PENDING
822;PAYPAL;MXN;PENDING
823;BANK;USD;PENDING
824;PAYPAL;SGD;CANCELLED
825;VISA;SEK;PENDING
826;PAYPAL;BRL;ACCEPTED
827;BANK;HKD;CANCELLED
828;BANK;MYR;PENDING
829;PAYPAL;NGN;PENDING
830;PAYPAL;SGD;ACCEPTED
831;PAYPAL;NGN;PENDING
832;BANK;RUB;ACCEPTED
833;CASH;KRW;PENDING
834;BANK;MYR;ACCEPTED
835;VISA;CNY;CANCELLED
836;BANK;AED;PENDING
837;VISA;NOK;CANCELLED
838;CASH;MXN;CANCELLED
839;BANK;MXN;CANCELLED
840;CASH;BRL;PENDING
841;PAYPAL;HUF;CANCELLED
842;BANK;SEK;CANCELLED
843;VISA;MXN;ACCEPTED
844;PAYPAL;RUB;CANCELLED
845;BANK;TRY;CANCELLED
846;CASH;AED;PENDING
847;VISA;ZAR;PENDING
848;VISA;KRW;ACCEPTED
849;PAYPAL;USD;CANCELLED
850;CASH;ARS;ACCEPTED
851;CASH;CAD;ACCEPTED
852;VISA;KRW;ACCEPTED
853;BANK;JPY;CANCELLED
854;VISA;INR;PENDING
855;BANK;NGN;PENDING
856;BANK;PHP;ACCEPTED
857;VISA;NZD;PENDING
858;CASH;MYR;CANCELLED
859;BANK;CZK;ACCEPTED
860;VISA;NGN;PENDING
861;CASH;JPY;ACCEPTED
862;BANK;GBP;ACCEPTED
863;BANK;AED;CANCELLED
864;PAYPAL;NGN;CANCELLED
865;BANK;MXN;PENDING
866;PAYPAL;DKK;ACCEPTED
867;VISA;KRW;ACCEPTED
868;VISA;BRL;CANCELLED
869;VISA;CHF;ACCEPTED
870;CASH;RUB;CANCELLED
871;CASH;TRY;CANCELLED
872;VISA;HKD;CANCELLED
873;VISA;RON;CANCELLED
874;BANK;USD;CANCELLED
875;VISA;BRL;ACCEPTED
876;VISA;SGD;CANCELLED
877;PAYPAL;NZD;CANCELLED
878;CASH;DKK;CANCELLED
879;VISA;CNY;CANCELLED
880;PAYPAL;PKR;CANCELLED
881;CASH;MXN;CANCELLED
882;BANK;RON;CANCELLED
883;BANK;NZD;CANCELLED
884;VISA;AED;CANCELLED
885;VISA;RUB;CANCELLED
886;PAYPAL;RUB;CANCELLED
887;BANK;INR;ACCEPTED
888;BANK;CLP;ACCEPTED
889;BANK;JPY;PENDING
890;VISA;NGN;PENDING
891;BANK;SAR;ACCEPTED
892;PAYPAL;PHP;ACCEPTED
893;CASH;CHF;CANCELLED
894;VISA;USD;CANCELLED
895;VISA;RON;CANCELLED
896;VISA;MXN;PENDING
897;PAYPAL;INR;PENDING
898;PAYPAL;CHF;PENDING
899;PAYPAL;TRY;ACCEPTED
900;CASH;USD;PENDING
901;PAYPAL;EUR;PENDING
902;BANK;HUF;CANCELLED
903;BANK;DKK;ACCEPTED
904;BANK;AUD;CANCELLED
905;PAYPAL;EUR;ACCEPTED
906;PAYPAL;MXN;PENDING
907;VISA;PHP;CANCELLED
908;VISA;CHF;PENDING
909;PAYPAL;SEK;PENDING
910;PAYPAL;KRW;PENDING
911;CASH;THB;ACCEPTED
912;VISA;DKK;ACCEPTED
913;BANK;INR;PENDING
914;BANK;HKD;CANCELLED
915;VISA;SAR;PENDING
916;CASH;THB;ACCEPTED
917;CASH;THB;CANCELLED
918;BANK;CLP;CANCELLED
919;VISA;NOK;ACCEPTED
920;CASH;PKR;CANCELLED
921;PAYPAL;ZAR;PENDING
922;BANK;ARS;ACCEPTED
923;CASH;ARS;PENDING
924;CASH;BRL;ACCEPTED
925;VISA;SAR;CANCELLED
926;BANK;RON;ACCEPTED
927;VISA;KRW;CANCELLED
928;CASH;IDR;CANCELLED
929;VISA;HKD;CANCELLED
930;VISA;AUD;ACCEPTED
931;BANK;SAR;CANCELLED
932;VISA;USD;CANCELLED
933;BANK;SAR;ACCEPTED
934;VISA;PLN;ACCEPTED
935;CASH;NZD;ACCEPTED
936;PAYPAL;CLP;CANCELLED
937;VISA;BDT;CANCELLED
938;CASH;NGN;CANCELLED
939;VISA;CAD;ACCEPTED
940;VISA;DKK;ACCEPTED
941;VISA;GBP;ACCEPTED
942;VISA;MXN;CANCELLED
943;BANK;IDR;PENDING
944;CASH;CLP;ACCEPTED
945;CASH;SEK;ACCEPTED
946;CASH;ZAR;ACCEPTED
947;BANK;TRY;PENDING
948;VISA;CZK;CANCELLED
949;BANK;CLP;PENDING
950;VISA;CLP;PENDING
951;VISA;SEK;PENDING
952;BANK;MXN;ACCEPTED
953;PAYPAL;ZAR;ACCEPTED
954;VISA;SAR;PENDING
955;PAYPAL;ARS;PENDING
956;VISA;CHF;ACCEPTED
957;PAYPAL;PHP;CANCELLED
958;PAYPAL;RON;PENDING
959;PAYPAL;TRY;ACCEPTED
960;BANK;MXN;ACCEPTED
961;VISA;THB;PENDING
962;BANK;EUR;CANCELLED
963;PAYPAL;PKR;CANCELLED
964;VISA;PHP;PENDING
965;PAYPAL;MXN;PENDING
966;VISA;TRY;ACCEPTED
967;VISA;AED;ACCEPTED
968;CASH;PHP;ACCEPTED
969;PAYPAL;SGD;ACCEPTED
970;BANK;TRY;PENDING
971;VISA;AED;ACCEPTED
972;BANK;THB;PENDING
973;BANK;MYR;PENDING
974;VISA;RUB;PENDING
975;BANK;CLP;ACCEPTED
976;PAYPAL;USD;CANCELLED
977;CASH;TRY;PENDING
978;CASH;NGN;PENDING
979;BANK;AED;ACCEPTED
980;BANK;GBP;CANCELLED
981;CASH;USD;ACCEPTED
982;VISA;MYR;PENDING
983;BANK;HKD;PENDING
984;VISA;USD;CANCELLED
985;VISA;RON;ACCEPTED
986;PAYPAL;HKD;ACCEPTED
987;CASH;CLP;CANCELLED
988;CASH;SEK;PENDING
989;PAYPAL;AUD;ACCEPTED
990;PAYPAL;PKR;ACCEPTED
991;VISA;MXN;PENDING
992;VISA;JPY;ACCEPTED
993;PAYPAL;AED;PENDING
994;PAYPAL;NZD;ACCEPTED
995;BANK;MYR;PENDING
996;PAYPAL;CLP;PENDING
997;BANK;EUR;CANCELLED
998;CASH;ZAR;ACCEPTED
999;CASH;HKD;CANCELLED
